,index,x,D0,sig_x,sig_y,sig_z,D0U/Q,coef_y,expon_y,coef_z,expon_z,iwind,istab,wind,stab,how
0,0,1.0,158724.52000000002,0.1522,1.5953823243287808,0.13690469863246,1.4573605111848815,1.5953823243287808,0.4345247483086614,0.13690469863246,0.9966866113807874,1,0,0.8,A,fit
1,1,3.1622776601683795,39699.17227085397,0.443725770736577,2.631038179308829,0.4312823242076855,0.2805183771803231,0.7236110862827483,1.1212438765272044,0.1166504679509524,1.135750347866807,1,0,0.8,A,fit
2,2,10.0,2930.1430234938484,1.2936436242823213,9.566412168367236,1.59454519507107,0.0208672013013342,2.290800938382503,0.620761736152355,0.0153731221305315,2.015874755787804,1,0,0.8,A,fit
3,3,31.6227766016838,132.8567809331943,3.771504692793245,19.549243521233727,16.23955824058966,0.0010026421539392,0.2768430076791159,1.2325975984744784,0.0090002658216273,2.170879249758241,1,0,0.8,A,fit
4,4,100.0,3.1258921,10.995491633681334,80.8032363911223,197.70326244158764,1.992542234168991e-05,0.8649196811059293,0.985226488143619,0.3735183543921412,1.3618509442078337,1,0,0.8,A,fit
5,5,316.227766016838,0.2124494685009285,32.05639290264675,251.2129363512559,948.2859326787236,1.336191852674198e-06,0.5528420560453717,1.0629763705658226,0.685735344389325,1.2563131093963884,1,0,0.8,A,fit
6,6,1000.0,0.0139823954677291,93.45760609567321,854.1422115742014,4028.059367532999,9.251754059898364e-08,0.0962824774219936,1.3159943095617683,26.064585525264054,0.729681679845674,1,0,0.8,A,fit
7,7,1778.2794100389228,0.0045842423,159.57492626782852,1821.917731473668,6130.787775063498,2.849738974148252e-08,0.658204786131948,1.059128531265605,485.52445075516414,0.3388631314158547,1,0,0.8,A,fit
8,8,3162.2776601683795,0.0019086791999999,272.46746580813414,3352.0531438480525,7451.300283512316,1.2744041186115416e-08,0.4207622486074468,1.1146497508569644,13626.652302667826,-0.0749020311490323,1,0,0.8,A,fit
9,9,5623.413251903491,0.001061962827087,465.22672239438015,6367.564210517341,7136.849816141056,7.004388662847169e-09,34.04456321828706,0.6058468177075701,2079.8160992927174,0.142795099243965,1,0,0.8,A,fit
10,10,10000.0,0.0006893699888343,794.3550346015521,9024.747037092786,7748.280466755582,4.5520786506982036e-09,1.3879497545385229,0.9532653232732002,3814.3771237942015,0.0769454258762084,1,0,0.8,A,fit
11,11,31622.776601683792,0.0002187483909127,2315.872535920197,27043.798982294986,8465.995738974725,1.3902867462463344e-09,94.6957253449096,0.5457194053704273,3.377273894170275,0.7553581694576763,1,0,0.8,A,fit
12,12,100000.0,6.363165e-05,6751.723560636403,50690.59650371837,20200.26795100727,3.1086053864132656e-10,,,,,1,0,0.8,A,fit
13,0,1.0,254669.52,0.1522,1.1523409706086696,0.101609424077529,2.718536287069929,1.1523409706086696,1.0169445588690051,0.101609424077529,0.6712949563630902,1,1,0.8,B,fit
14,1,3.1622776601683795,68508.6125555211,0.443725770736577,3.715808147077412,0.2200804513090315,0.3892381293755625,1.3164629357493596,0.9012892925993308,0.0837254888535946,0.839447552014283,1,1,0.8,B,fit
15,2,10.0,7072.556654130767,1.2936436242823213,10.48812679107254,0.5785025051699948,0.0524622550441353,2.788360204110173,0.5753490531106867,0.0073207974195024,1.897746854718832,1,1,0.8,B,fit
16,3,31.6227766016838,369.4535,3.771504692793245,20.341007290314344,5.142551757112529,0.0030429793171536,0.4365116873803647,1.1122510528309972,0.000721713780965,2.5685424488020923,1,1,0.8,B,fit
17,4,100.0,6.502433699999999,10.995491633681334,73.1977921760476,98.95776903717018,4.394426952468211e-05,0.6607582597366345,1.0222276905932628,0.1688015911126973,1.3840366798990231,1,1,0.8,B,fit
18,5,316.227766016838,0.4395499989791687,32.05639290264675,237.4716813598468,486.9319096479864,2.752770873433334e-06,0.8118732694793196,0.9864494337836556,0.2828669745437937,1.2943543961132695,1,1,0.8,B,fit
19,6,1000.0,0.0294648073846328,93.45760609567321,739.3269613092629,2160.953559860259,1.9923615393492272e-07,0.4457159529280426,1.073259455188296,1.3882664402464804,1.0640575361767923,1,1,0.8,B,fit
20,7,1778.2794100389228,0.00887031,159.57492626782852,1371.3597792858109,3987.12469139262,5.821553616380559e-08,0.1357775374087812,1.232099532378674,110.1049749100753,0.4796470386153771,1,1,0.8,B,fit
21,8,3162.2776601683795,0.0033070917,272.46746580813414,2787.2523542305785,5254.986170566818,2.1732128229640972e-08,3.379035283823727,0.8332524469319335,489.4722695070275,0.2945267100184751,1,1,0.8,B,fit
22,9,5623.413251903491,0.0016408760278427,465.22672239438015,4502.869936056075,6225.915972160693,1.1354224308164751e-08,3.78221293115028,0.8201982473508447,1249.0723544024884,0.1860308423147932,1,1,0.8,B,fit
23,10,10000.0,0.0009812230975274,794.3550346015521,7220.029375115476,6929.644663203102,6.362095695363932e-09,1.0983066876274972,0.9544538341206384,1174.4872703458825,0.192715662869411,1,1,0.8,B,fit
24,11,31622.776601683792,0.0002580504090076,2315.872535920197,21665.358590754324,8651.049499370063,1.6983040635996711e-09,5.92354671744215,0.7918186808033623,7.781825224198039,0.6768860720920888,1,1,0.8,B,fit
25,12,100000.0,6.802352e-05,6751.723560636403,53910.73116434924,18858.703521650208,3.1308558492846773e-10,,,,,1,1,0.8,B,fit
26,0,1.0,493511.8,0.1522,1.3104642932381274,0.0476787552338068,5.094481936046912,1.3104642932381274,0.8022886408396975,0.0476787552338068,0.8114219742640644,1,2,0.8,C,fit
27,1,3.1622776601683795,128424.0142433314,0.443725770736577,3.300422297014693,0.121348914481087,0.7947759541529923,1.0947973767678376,0.9584715286630638,0.0470617680938454,0.8227353125932685,1,2,0.8,C,fit
28,2,10.0,14511.583501038152,1.2936436242823213,9.94959210698005,0.3128985510356104,0.1022448161821417,2.2829552504142,0.639307878089065,0.0088269348355039,1.549593631591197,1,2,0.8,C,fit
29,3,31.6227766016838,953.7837401738784,3.771504692793245,20.7710865721225,1.862946434776964,0.0082260348226515,0.669404397314457,0.9945137699526664,0.0001339333956185,2.7622076587763806,1,2,0.8,C,fit
30,4,100.0,15.152157,10.995491633681334,65.27037393979715,44.80270103215083,0.0001088503498642,0.4969243983239518,1.059212890133591,0.1475193589547783,1.2412275903624763,1,2,0.8,C,fit
31,5,316.227766016838,1.2602857188116965,32.05639290264675,220.9645203699453,187.0328933756592,7.702107733360234e-06,1.9120837913348387,0.8251262503488414,0.1196309662660217,1.2776297527294338,1,2,0.8,C,fit
32,6,1000.0,0.0966566990454698,93.45760609567321,571.3282135086915,814.2033196808154,6.842764403568899e-07,0.5164457661566347,1.0146203165483387,0.1530783120889259,1.24193973463597,1,2,0.8,C,fit
33,7,1778.2794100389228,0.028833101,159.57492626782852,1024.567911814288,1664.247075336791,1.866773274403213e-07,1.6292782451095449,0.8610909204759084,0.4932523258219041,1.0855842032827707,1,2,0.8,C,fit
34,8,3162.2776601683795,0.0093174402278075,272.46746580813414,1681.9515456642755,3108.9508284187955,6.08727320283222e-08,0.548100438223746,0.996272380287893,15.71874710375744,0.6560559790064308,1,2,0.8,C,fit
35,9,5623.413251903491,0.0034099244173999,465.22672239438015,2984.5686675410384,4535.5279539729045,2.351476830532681e-08,4.997556175999613,0.7402997042120639,91.7618169465324,0.4517242249825258,1,2,0.8,C,fit
36,10,10000.0,0.0017940678564882,794.3550346015521,4570.4241034652205,5882.458937078974,1.1839537069432092e-08,0.2559565870656643,1.062947547699948,404.6813483879336,0.2906114289631892,1,2,0.8,C,fit
37,11,31622.776601683792,0.0003700115652703,2315.872535920197,15539.257924887566,8219.863747206888,2.4920412873602596e-09,0.3973674638780757,1.0204973268296749,8.376467336617388,0.6648452709735138,1,2,0.8,C,fit
38,12,100000.0,6.7926234e-05,6751.723560636403,50312.85229632329,17672.06312613861,3.580007482874542e-10,,,,,1,2,0.8,C,fit
39,0,1.0,849468.95,0.1522,1.197704065135913,0.0305256591403704,8.706338597677885,1.197704065135913,0.8050916800562222,0.0305256591403704,0.8893350160220393,1,3,0.8,D,fit
40,1,3.1622776601683795,192821.8874125212,0.443725770736577,3.0261842291340977,0.0849830979022654,1.2377194202599913,0.8474429299586971,1.1055698056321093,0.0325335664722038,0.8340017665806762,1,3,0.8,D,fit
41,2,10.0,19004.92075505613,1.2936436242823213,10.806380777884677,0.2219900156116148,0.1326894576960133,3.1136249630310786,0.5404139659495517,0.007217876039783,1.4879240225484052,1,3,0.8,D,fit
42,3,31.6227766016838,1505.449917772749,3.771504692793245,20.13201519045784,1.2311060144290409,0.0128430278664497,0.5998742015447739,1.0172180430268674,0.0001822574639091,2.5530734201254885,1,3,0.8,D,fit
43,4,100.0,33.730548111390455,10.995491633681334,64.9376055687466,23.271917201335643,0.0002106307107808,0.96834706966853,0.9132326141328602,0.2744397748375141,0.9641925543671844,1,3,0.8,D,fit
44,5,316.227766016838,3.841053874561349,32.05639290264675,185.8286098368843,70.62011822157372,2.425543730804672e-05,1.8069799563938524,0.8048636970983524,0.2454839176711957,0.9835621578788278,1,3,0.8,D,fit
45,6,1000.0,0.4379975718165314,93.45760609567321,469.4014497082104,219.1338753321573,3.094540575794533e-06,0.582446660812225,0.968762755588316,0.2979127433440328,0.9555401461514678,1,3,0.8,D,fit
46,7,1778.2794100389228,0.15499197,159.57492626782852,819.8513487042701,379.8346285624099,1.0221637053900645e-06,1.441176615670068,0.8476978180734338,0.8032711782216725,0.8229945757536359,1,3,0.8,D,fit
47,8,3162.2776601683795,0.0584337994309506,272.46746580813414,1335.5482111135375,610.0187719859516,3.907035503160354e-07,1.6490753165057404,0.8309768796527349,0.1604772549250376,1.022837060812247,1,3,0.8,D,fit
48,9,5623.413251903491,0.0203930464914707,465.22672239438015,2154.784237034168,1099.138612680573,1.3439833007293201e-07,3.5387304225454383,0.742548349376197,0.0834866063791578,1.098516175190508,1,3,0.8,D,fit
49,10,10000.0,0.0068725451813312,794.3550346015521,3304.006379646132,2068.623760171769,4.6572305904884824e-08,0.5380275940244093,0.9470590817894518,1.4364661409050576,0.7895965287567408,1,3,0.8,D,fit
50,11,31622.776601683792,0.0009245040127588,2315.872535920197,9830.382535404564,5134.282644010952,6.306667520417294e-09,0.0232077813959197,1.2504303984684404,0.274535630394386,0.9493069013412284,1,3,0.8,D,fit
51,12,100000.0,9.410032e-05,6751.723560636403,41474.9257636537,15315.572085249663,5.011079424089634e-10,,,,,1,3,0.8,D,fit
52,0,1.0,910962.3,0.1522,1.271213703969602,0.0307412966060497,8.145343054808018,1.271213703969602,1.094362341942235,0.0307412966060497,0.2867875410231459,1,5,0.8,F,fit
53,1,3.1622776601683795,284939.3703803649,0.443725770736577,4.481255819367067,0.042767705586097,1.6608654032236791,1.5606697121547952,0.9161774697291976,0.0259457988829955,0.4340978087339432,1,5,0.8,F,fit
54,2,10.0,51693.652778183285,1.2936436242823213,12.86733096837302,0.0704960617843152,0.3509108522229561,2.449444850364008,0.7204208061585832,0.0129175372497752,0.7369851335193888,1,5,0.8,F,fit
55,3,31.6227766016838,8159.251313813145,3.771504692793245,29.49163667497056,0.1646862812193245,0.0655380974075585,4.032159576553557,0.5761074423577489,0.0001113882307368,2.113212078054339,1,5,0.8,F,fit
56,4,100.0,410.61835,10.995491633681334,57.246982005055,1.876132306203111,0.0029636988341654,0.1656532857289141,1.269276270793335,0.0004111905942828,1.829610144992854,1,5,0.8,F,fit
57,5,316.227766016838,15.549984762959948,32.05639290264675,246.82590128024256,15.419437620993907,8.363553925075005e-05,5.150571503826993,0.6722141243116555,1.6728628145095603,0.3858432827569914,1,5,0.8,F,fit
58,6,1000.0,3.3408679869769244,93.45760609567321,535.1774349140076,24.043084111627007,2.473786173808922e-05,5.596629553738613,0.6601904107240206,0.0648701867943503,0.8563150090902133,1,5,0.8,F,fit
59,7,1778.2794100389228,1.5614604,159.57492626782852,782.6100061897342,39.3612541790315,1.0333223023452453e-05,7.896778821710763,0.6141832068223023,0.3494385480947586,0.6312917279436594,1,5,0.8,F,fit
60,8,3162.2776601683795,0.7504340576965157,272.46746580813414,1114.5285502855777,56.60983121503847,5.045068522574857e-06,5.71614788784063,0.6542822119269203,0.2484453646424609,0.6736174176251056,1,5,0.8,F,fit
61,9,5623.413251903491,0.3505027918843544,465.22672239438015,1624.2831948286246,83.42499982632413,2.349049464145168e-06,33.955373260620576,0.4479341979043432,0.6702033530699631,0.5586905648307011,1,5,0.8,F,fit
62,10,10000.0,0.1925690101460562,794.3550346015521,2102.060931175424,115.07178650601364,1.3159396454877295e-06,1.4605808702237395,0.7895299230706962,1.646855337435619,0.4610783509871585,1,5,0.8,F,fit
63,11,31622.776601683792,0.043399247,2315.872535920197,5216.872972294876,195.662695022356,3.11840008878899e-07,0.0009427396742512,1.4984485506067209,3.0446327847231376,0.4017718025679749,1,5,0.8,F,fit
64,12,100000.0,0.0059722963999999,6751.723560636403,29284.27910066905,310.7376896465892,3.4980149201541885e-08,,,,,1,5,0.8,F,fit
65,0,1.0,912043.87,0.1522,1.3618854135855532,0.0299774624865419,7.796769420608441,1.3618854135855532,1.0048642278202184,0.0299774624865419,0.2967620999148632,1,6,0.8,G,fit
66,1,3.1622776601683795,287041.48851474107,0.443725770736577,4.330845415042194,0.0421867353148526,1.7422141104959423,1.3161390943471467,1.0345417856113517,0.0295871251966869,0.308146297430197,1,6,0.8,G,fit
67,2,10.0,55346.48138752902,1.2936436242823213,14.250942084731385,0.0601518608075084,0.3713278177734302,2.8235881008905666,0.7030422320966035,0.0128869033507126,0.6691004954477547,1,6,0.8,G,fit
68,3,31.6227766016838,10195.76358228907,3.771504692793245,32.01582453944057,0.1299568914623259,0.0765043485772495,3.376481930692464,0.6512668408332927,0.0006043213158495,1.555020934306557,1,6,0.8,G,fit
69,4,100.0,787.7094,10.995491633681334,67.76385610854454,0.778591721551824,0.006033123755953,0.4442762857129631,1.0916724896095726,2.168596342890748e-05,2.277565530342223,1,6,0.8,G,fit
70,5,316.227766016838,22.22827200893821,32.05639290264675,238.1411005752292,10.717476672424242,0.0001247163017209,3.3123052873300165,0.742681599419049,0.20476135073037,0.6875378244574437,1,6,0.8,G,fit
71,6,1000.0,3.3667393370370355,93.45760609567321,559.9834038965919,23.6516508440485,2.403330577836697e-05,5.171644134519424,0.6781821743550691,0.0376870007445154,0.9325566276296772,1,6,0.8,G,fit
72,7,1778.2794100389228,1.4504861,159.57492626782852,827.4098747592581,40.45764655805083,9.508867844782565e-06,3.0606043786434123,0.748281078295276,1.1434993322952995,0.4765429848262905,1,6,0.8,G,fit
73,8,3162.2776601683795,0.7028973325718102,272.46746580813414,1272.8902774090525,53.227535986801335,4.698105833009388e-06,1.1164012429077668,0.8734201879847642,2.174230241412963,0.3968088086242271,1,6,0.8,G,fit
74,9,5623.413251903491,0.3471735529512732,465.22672239438015,2104.4858803003453,66.88651438104266,2.261338342958735e-06,6.001102582598733,0.678643990833457,3.739517090540347,0.3340061445335255,1,6,0.8,G,fit
75,10,10000.0,0.1704507973519684,794.3550346015521,3110.3339010268514,81.06625314460169,1.2624175191058157e-06,0.137240053147169,1.088831534101876,0.7857148934909094,0.5033937787781323,1,6,0.8,G,fit
76,11,31622.776601683792,0.0282138864427768,2315.872535920197,10894.888275704912,144.72281118027402,2.018786334949117e-07,0.0331907148338586,1.225823594454556,0.0032175544349316,1.0340024637430372,1,6,0.8,G,fit
77,12,100000.0,0.0028626235,6751.723560636403,44682.20309640996,475.9246747690888,1.4968467104637453e-08,,,,,1,6,0.8,G,fit
78,0,1.0,74458.92,0.1522,1.048949424398938,0.0998177126540123,3.0401006668482733,1.048949424398938,0.6623705570020586,0.0998177126540123,1.6765007241915393,2,0,2.3,A,fit
79,1,3.1622776601683795,11770.404035705084,0.443725770736577,2.2487430156371464,0.6877933552189839,0.2058032951504284,0.5674945147220068,1.195956318784322,0.1377370504609636,1.3968143942675857,2,0,2.3,A,fit
80,2,10.0,517.7698343852064,1.2936436242823213,8.91082648235639,3.4345130660211,0.0104008053222409,1.132176444258611,0.8960038720392052,0.0930043337621779,1.5673619868864788,2,0,2.3,A,fit
81,3,31.6227766016838,30.43182,3.771504692793245,24.99884379639789,20.871139764467543,0.0006100761370935,0.7587757954881375,1.0118709694670844,0.2926709482533035,1.235444367785422,2,0,2.3,A,fit
82,4,100.0,2.3843565,10.995491633681334,80.14112001327682,86.55025469928808,4.5890878272886014e-05,1.3066201902354937,0.8938530214451231,0.2597644093229488,1.2613443513595783,2,0,2.3,A,fit
83,5,316.227766016838,0.2055580749127306,32.05639290264675,224.2755437838967,369.777537458839,3.838200724025638e-06,0.8945539968084468,0.9596701431591828,0.1904731630389983,1.3152426928351304,2,0,2.3,A,fit
84,6,1000.0,0.014331367673966,93.45760609567321,677.0441500143473,1680.9773913590332,2.796863459673037e-07,0.4579913316499655,1.0565865772300929,0.7809294214311566,1.110983362404618,2,0,2.3,A,fit
85,7,1778.2794100389228,0.004339668,159.57492626782852,1243.837466139257,3186.454437372958,8.031169282042218e-08,0.4664571639856134,1.054139035923768,17.045113163644473,0.6989870227892416,2,0,2.3,A,fit
86,8,3162.2776601683795,0.0015116043,272.46746580813414,2281.90937816537,4764.907439049884,2.927502438132036e-08,2.1184124162870708,0.8663679657129113,195.46151592109945,0.396283773138797,2,0,2.3,A,fit
87,9,5623.413251903491,0.0007212593781684,465.22672239438015,3757.425553942056,5985.844243134058,1.4152538035059108e-08,7.495408251964713,0.7200253579001095,1213.6457390375583,0.1848089270548627,2,0,2.3,A,fit
88,10,10000.0,0.000454756784097,794.3550346015521,5687.176728471104,6657.752459295581,8.406704064057092e-09,10.139976091662474,0.6872149482787865,8190.418180134027,-0.0224946081270298,2,0,2.3,A,fit
89,11,31622.776601683792,0.0001978336648212,2315.872535920197,12545.968658019538,6487.544347778402,3.910799846021676e-09,1.9499388460659297,0.8463296015594126,5709.35940629394,0.0123317681701615,2,0,2.3,A,fit
90,12,100000.0,8.697489e-05,6751.723560636403,33240.6110789454,6580.308028800447,1.4552409413479707e-09,,,,,2,0,2.3,A,fit
91,0,1.0,121361.45,0.1522,0.9802527660666708,0.0582215146991484,5.577358372494482,0.9802527660666708,0.7615003910857587,0.0582215146991484,1.6629666143575947,2,1,2.3,B,fit
92,1,3.1622776601683795,20146.177520210767,0.443725770736577,2.3555280052645418,0.3949724529019243,0.3421330651371904,0.6219466425739905,1.1566702885487845,0.0871673678366332,1.3124257503085384,2,1,2.3,B,fit
93,2,10.0,974.145727454145,1.2936436242823213,8.921202887473527,1.7896977093967077,0.019936413317687,1.237776450254901,0.8577812006635999,0.0443272429072373,1.6061089626218563,2,1,2.3,B,fit
94,3,31.6227766016838,57.595986,3.771504692793245,23.950468690475613,11.371929629134437,0.0011686970481979,0.7621770943390962,0.9981720825355752,0.1642590465391425,1.2268699106499106,2,1,2.3,B,fit
95,4,100.0,4.718133,10.995491633681334,75.57881144041298,46.69486443428732,9.019468591133264e-05,1.5711177395231908,0.8410956628007099,0.1991147469047972,1.185082846399793,2,1,2.3,B,fit
96,5,316.227766016838,0.4604423945036066,32.05639290264675,199.04344936768496,182.730289419996,8.751685368016747e-06,1.0722606222129507,0.9074590128253642,0.0956491879668781,1.3124517018948167,2,1,2.3,B,fit
97,6,1000.0,0.0345655778570331,93.45760609567321,565.8188291602223,828.0115465617955,6.794168892915424e-07,1.1767917071440623,0.893992598812023,0.1370954334863308,1.2603378013076678,2,1,2.3,B,fit
98,7,1778.2794100389228,0.0101970019999999,159.57492626782852,946.6197155038598,1710.4911966783277,1.965865216953073e-07,0.5308142380148989,1.0003793790699818,0.4261647192763816,1.1087825693083402,2,1,2.3,B,fit
99,8,3162.2776601683795,0.0031733224176765,272.46746580813414,1683.7220140011602,3238.2955696962485,5.837988719144693e-08,1.7394590287020455,0.8531017675285633,15.230897649610371,0.6650259959931463,2,1,2.3,B,fit
100,9,5623.413251903491,0.0013245789294821,465.22672239438015,2751.349945631169,4748.680874555421,2.4363030593961023e-08,6.723006958739691,0.6965286056711016,71.98953823378073,0.4851476258211923,2,1,2.3,B,fit
101,10,10000.0,0.0006715526934193,794.3550346015521,4108.44978715907,6278.557719710958,1.2339917401259204e-08,4.662260786882142,0.7362703552565493,5189.011570532448,0.0206938130120272,2,1,2.3,B,fit
102,11,31622.776601683792,0.0002678315709926,2315.872535920197,9589.87974153972,6429.938182708341,5.162144634495943e-09,0.6470410301951091,0.926862520010396,4504.620910444905,0.0343441220338365,2,1,2.3,B,fit
103,12,100000.0,9.653644e-05,6751.723560636403,27876.89639981935,6689.272046452014,1.7069737696604587e-09,,,,,2,1,2.3,B,fit
104,0,1.0,237610.27,0.1522,1.0218535057578768,0.0340419819459608,9.150538466297446,1.0218535057578768,0.7794180508356509,0.0340419819459608,1.4451316180326936,2,2,2.3,C,fit
105,1,3.1622776601683795,40673.87579076258,0.443725770736577,2.5066728932349327,0.179713476711182,0.7065970445161075,0.7035108839291724,1.1036536878420882,0.043050204654178,1.2412108514048892,2,2,2.3,C,fit
106,2,10.0,2257.433834517836,1.2936436242823213,8.93150218030086,0.7502155674069746,0.0475050245598178,1.5001754892746262,0.7747824431477925,0.0103388731640907,1.8607128642774835,2,2,2.3,C,fit
107,3,31.6227766016838,111.568166,3.771504692793245,21.79293533284513,6.390612784907423,0.0022855561396469,0.859973492283072,0.935887110229472,0.1354381613027287,1.1158676364758064,2,2,2.3,C,fit
108,4,100.0,12.027071495713692,10.995491633681334,64.0116888102138,23.092785529914213,0.0002153349480448,2.0883095575986816,0.7432322045709818,0.2254748000480677,1.0051891558413,2,2,2.3,C,fit
109,5,316.227766016838,1.4812192369134758,32.05639290264675,150.61748362909069,73.46337898597912,2.87676137944583e-05,1.2371940863221882,0.834175020843067,0.0514158937433956,1.261989404272518,2,2,2.3,C,fit
110,6,1000.0,0.127475426848147,93.45760609567321,393.5164556858773,314.0983118167036,2.575263230943606e-06,1.0566723724670577,0.8570075151254488,0.0642214108423707,1.2297952533694545,2,2,2.3,C,fit
111,7,1778.2794100389228,0.0400260729999999,159.57492626782852,644.4879129034899,637.5502429022577,7.746774868910457e-07,1.4603039272233445,0.813775853412328,0.0183638575166244,1.397092461872989,2,2,2.3,C,fit
112,8,3162.2776601683795,0.0115332097882489,272.46746580813414,1029.576781726693,1424.9103171423253,2.169720819068e-07,0.9759269446500266,0.8637832661089636,0.0682683854065933,1.2341622569710449,2,2,2.3,C,fit
113,9,5623.413251903491,0.0033704072484014,465.22672239438015,1692.7957368971477,2899.5332628963515,6.485111918152093e-08,2.234678057827222,0.7678372245160457,3.136598096098018,0.7908984588668428,2,2,2.3,C,fit
114,10,10000.0,0.0014224180040693,794.3550346015521,2633.685197175537,4571.436694091847,2.6438301721190402e-08,4.719630105814303,0.6866639750003084,124.41851163642012,0.3912919270521178,2,2,2.3,C,fit
115,11,31622.776601683792,0.0003820843170891,2315.872535920197,5806.251590013114,7172.964368574587,7.642854706055041e-09,0.0555763558953536,1.1153346185093749,10584.424445255723,-0.0375485719202935,2,2,2.3,C,fit
116,12,100000.0,0.00012094674,6751.723560636403,20968.29700426024,6869.488289777209,2.2098489037670027e-09,,,,,2,2,2.3,C,fit
117,0,1.0,639330.2,0.1522,0.8777658598922167,0.0148683164414713,24.38987904048149,0.8777658598922167,0.8780569440068572,0.0148683164414713,1.4159219504622642,2,3,2.3,D,fit
118,1,3.1622776601683795,93330.64123674738,0.443725770736577,2.412165808693482,0.0758966786270126,1.738682164942055,0.8434018629794726,0.9127452025283596,0.0109782102188571,1.679382456200442,2,3,2.3,D,fit
119,2,10.0,4401.298835167639,1.2936436242823213,6.898898548877755,0.5247035456396739,0.0879339070215644,1.4286057471625586,0.6838673655929741,0.0047745547894636,2.040981117550236,2,3,2.3,D,fit
120,3,31.6227766016838,202.23616,3.771504692793245,15.160497087100053,5.500530253536601,0.0038170876125347,2.048802733383643,0.5794755309620648,0.4883500941104127,0.7011155212955752,2,3,2.3,D,fit
121,4,100.0,42.65527095558672,10.995491633681334,29.54276955309166,12.329978472454687,0.0008738494197105,1.210648021489905,0.6937166550884315,0.1684451144866785,0.9322519494696404,2,3,2.3,D,fit
122,5,316.227766016838,6.86317376762031,32.05639290264675,65.66130868565028,36.06519569471305,0.0001344164124242,0.6522167494950178,0.8011670346652839,0.1484011935912242,0.954260359634106,2,3,2.3,D,fit
123,6,1000.0,0.9094249631668264,93.45760609567321,165.15550401172166,108.19781061244711,1.7813062953063566e-05,0.1891524555985468,0.980360355981574,0.0511206571084172,1.108540681751328,2,3,2.3,D,fit
124,7,1778.2794100389228,0.2726855794990748,159.57492626782852,290.3909922341287,204.81117226789044,5.351965969577588e-06,0.1602572714662598,1.002512429685415,0.2298825334026195,0.9076454365330144,2,3,2.3,D,fit
125,8,3162.2776601683795,0.0918050043142423,272.46746580813414,517.1437115986698,345.3544071095818,1.7822715588243623e-06,0.3075295198900193,0.921635553674735,0.4047974488470676,0.8374363530496534,2,3,2.3,D,fit
126,9,5623.413251903491,0.0310944046479692,465.22672239438015,879.0632745491428,559.2733055983558,6.474495003865672e-07,0.2400832710693383,0.95030886317443,0.0073183227280303,1.3021900088956393,2,3,2.3,D,fit
127,10,10000.0,0.0093281230698976,794.3550346015521,1519.138436905955,1183.5090765117484,1.7704398732292645e-07,0.4555053531572282,0.8807759667689462,0.0562317278664885,1.0807975411008826,2,3,2.3,D,fit
128,11,31622.776601683792,0.0009597698,2315.872535920197,4187.794244416936,4107.431822499849,1.8505227479531208e-08,0.7840739129413172,0.8283618513497301,3.852218165866587,0.6728576641311926,2,3,2.3,D,fit
129,12,100000.0,0.00017255562,6751.723560636403,10868.416205673047,8912.492872880883,3.2861294715647602e-09,,,,,2,3,2.3,D,fit
130,0,1.0,769993.5399999999,0.1522,1.2318126996383296,0.0111044948115103,23.27054981730963,1.2318126996383296,0.6611346762059932,0.0111044948115103,1.0885677824550797,2,4,2.3,E,fit
131,1,3.1622776601683795,164831.35751167536,0.443725770736577,2.63701144886324,0.0388850531355084,3.1042408896841995,0.8252758781107109,1.0090257279581634,0.0106030835577239,1.1287010257225008,2,4,2.3,E,fit
132,2,10.0,12077.291646776132,1.2936436242823213,8.426066441388153,0.1426044932230911,0.2649061484710147,1.2509913615841306,0.8283705685227868,0.0030502818975167,1.6697932322661762,2,4,2.3,E,fit
133,3,31.6227766016838,676.27116,3.771504692793245,21.86805530540113,0.9750565986996252,0.0149282925717049,1.8194017724175875,0.719921033412703,0.0026897162421697,1.706215573479977,2,4,2.3,E,fit
134,4,100.0,54.23129891660514,10.995491633681334,50.09226625063043,6.95244580976943,0.000913990821655,2.62061174042727,0.6406839989683746,1.174888841297947,0.3860704167205714,2,4,2.3,E,fit
135,5,316.227766016838,13.896450729234116,32.05639290264675,104.74002657684566,10.843583319723834,0.0002802622644659,2.918035898961576,0.6220088197166874,0.3541690441415887,0.5943848885935494,2,4,2.3,E,fit
136,6,1000.0,3.468870609943397,93.45760609567321,214.3468421212501,21.496376755359023,6.908245655080873e-05,1.934911315306491,0.6814853417524146,0.4555559393387518,0.557941183994689,2,4,2.3,E,fit
137,7,1778.2794100389228,1.70930747215308,159.57492626782852,317.3134091439196,29.63811379282632,3.384629544654949e-05,2.2924134283220825,0.6588293788586097,0.2806146660814754,0.6226892910233467,2,4,2.3,E,fit
138,8,3162.2776601683795,0.8111598547238775,272.46746580813414,463.6558778401816,42.41533328537994,1.6185699519420824e-05,1.9541459740230456,0.6786396478668618,0.208375362068032,0.6596218618383495,2,4,2.3,E,fit
139,9,5623.413251903491,0.3799872214368041,465.22672239438015,685.2604730832434,62.00523379146944,7.491453638840938e-06,2.920500766866801,0.63210622856763,0.0610871941875026,0.8017275123887543,2,4,2.3,E,fit
140,10,10000.0,0.1645730193847899,794.3550346015521,986.0120872807232,98.36944643583531,3.28176637544666e-06,6.078147813214311,0.5525277453734729,0.1345142853793099,0.7160229546769447,2,4,2.3,E,fit
141,11,31622.776601683792,0.0380515614414874,2315.872535920197,1862.7137120840944,224.3219155069882,7.617848141687837e-07,0.9588284249314096,0.7307567135885125,3.5737430014823834,0.3994996415343915,2,4,2.3,E,fit
142,12,100000.0,0.0110245315,6751.723560636403,4320.405083070127,355.3215316836097,2.073500447306079e-07,,,,,2,4,2.3,E,fit
143,0,1.0,810896.6,0.1522,1.2111999195337713,0.0101508482248728,25.889994592984955,1.2111999195337713,0.8301980739509496,0.0101508482248728,0.9592514289687424,2,5,2.3,F,fit
144,1,3.1622776601683795,199360.2400444284,0.443725770736577,3.15003130827109,0.0306286636573448,3.299189096270831,1.0718552077728811,0.9363574958004548,0.0112279848493761,0.8716524616205878,2,5,2.3,F,fit
145,2,10.0,18988.32848583072,1.2936436242823213,9.257497814192291,0.0835515054588692,0.4115306911301939,1.8755180248461143,0.6933723758436597,0.0018282704667932,1.6599138356773848,2,5,2.3,F,fit
146,3,31.6227766016838,1295.5079,3.771504692793245,20.567419496665128,0.5648214708286017,0.0274005401248631,0.7607613832955353,0.9546208977739052,0.0014659797188015,1.723855490221247,2,5,2.3,F,fit
147,4,100.0,73.67014009803243,10.995491633681334,61.729144050398375,4.109972750868663,0.0012546452010893,4.247073755613708,0.5812002259393708,0.4892899443506892,0.4621363260347771,2,5,2.3,F,fit
148,5,316.227766016838,18.94374723774433,32.05639290264675,120.52867102339071,6.996923176110165,0.0003774441110482,3.638426413173944,0.6080707088703216,0.2463735128435389,0.5813252358865509,2,5,2.3,F,fit
149,6,1000.0,4.891557163665025,93.45760609567321,242.73126676523344,13.663744216101149,9.597423993917608e-05,2.1600410739463443,0.6835545709666735,0.1604380314393999,0.6434207996285224,2,5,2.3,F,fit
150,7,1778.2794100389228,2.2632875025904307,159.57492626782852,359.76123476142743,19.78904897770378,4.471063508642429e-05,3.846598078882504,0.6064423245440287,0.0474831133830291,0.8061186880766854,2,5,2.3,F,fit
151,8,3162.2776601683795,1.010708336993852,272.46746580813414,510.0643216771949,31.47419240646152,1.982761993870736e-05,2.419232183469902,0.6639849699758322,0.038428661421161,0.8323712395356511,2,5,2.3,F,fit
152,9,5623.413251903491,0.4137242703615658,465.22672239438015,747.5171978527746,50.821491357821486,8.378794390051307e-06,6.468147721951961,0.5500910023570094,0.0097373638922853,0.9913616013537038,2,5,2.3,F,fit
153,10,10000.0,0.1766973875464099,794.3550346015521,1025.9919170855617,89.92652379424918,3.4499943380366782e-06,3.0821083952498705,0.630574007729623,0.2795656267885936,0.6268510081827875,2,5,2.3,F,fit
154,11,31622.776601683792,0.043083825124818,2315.872535920197,2120.464193146307,185.0603203891792,8.111587818981253e-07,0.5814300180887079,0.7915407763189195,4.623125610185981,0.3560839147435617,2,5,2.3,F,fit
155,12,100000.0,0.010396886,6751.723560636403,5274.743326904847,278.84012392902656,2.1641807454941562e-07,,,,,2,5,2.3,F,fit
156,0,1.0,893686.53,0.1522,1.2737021172179583,0.0099375666409627,25.14792766879708,1.2737021172179583,0.9070048603424774,0.0099375666409627,0.5855040906073066,2,6,2.3,G,fit
157,1,3.1622776601683795,255899.6065040768,0.443725770736577,3.618847656470375,0.0194998872095339,4.510739294563758,1.205305392799531,0.9549464023923656,0.0091636116386625,0.6559308483762797,2,6,2.3,G,fit
158,2,10.0,34345.6304366341,1.2936436242823213,10.865344533407637,0.0414951676454987,0.7060071538244963,2.132186696083454,0.7072182728721262,0.002587852216375,1.2050580519364646,2,6,2.3,G,fit
159,3,31.6227766016838,3416.1824012359457,3.771504692793245,24.52746352386385,0.1661600252401051,0.0781035797094146,1.0130053326637924,0.922693937961784,0.0002848021691423,1.843988837865017,2,6,2.3,G,fit
160,4,100.0,187.5837953086872,10.995491633681334,70.95771266778624,1.3884203434583555,0.0032309448976048,2.494471045131863,0.7270105701617712,0.030265573593652,0.8307860296735732,2,6,2.3,G,fit
161,5,316.227766016838,30.25350408282322,32.05639290264675,163.87205223367067,3.61338288584054,0.0005375653301307,8.632477064851729,0.5113477837656307,0.0647286655819545,0.698726931753135,2,6,2.3,G,fit
162,6,1000.0,6.230758835362595,93.45760609567321,295.2424390592069,8.077508973222727,0.0001334731449743,2.985683034923424,0.6650450280184664,0.0067583046243432,1.025813228613429,2,6,2.3,G,fit
163,7,1778.2794100389228,2.5680966119937323,159.57492626782852,432.9522903857974,14.57910139124206,5.042888078179045e-05,9.647478511907616,0.5083157604748076,0.0040857822448621,1.093063242912735,2,6,2.3,G,fit
164,8,3162.2776601683795,1.0301314574846911,272.46746580813414,580.1215271818561,27.352471048656863,2.0060168593975875e-05,3.8235429623983466,0.6231580020524919,0.0126757746356436,0.9525777308056524,2,6,2.3,G,fit
165,9,5623.413251903491,0.4151621011043503,465.22672239438015,830.4404251307836,47.330489901858165,8.098426509646426e-06,0.7423631963606047,0.8129845464222837,3.589036750481203,0.2987101584924292,2,6,2.3,G,fit
166,10,10000.0,0.222127066454525,794.3550346015521,1326.0338748973047,56.21064119879573,4.270482723561431e-06,0.9008607126187544,0.7919742428418597,0.5434847992394852,0.5036577843917075,2,6,2.3,G,fit
167,11,31622.776601683792,0.0449115034100576,2315.872535920197,3300.211247833295,100.38005551808546,9.608618612976787e-07,0.0817423559232191,1.0235765754734458,1.3901963328567393,0.4130158428840214,2,6,2.3,G,fit
168,12,100000.0,0.009163684,6751.723560636403,10723.338807030555,161.4936137929813,1.8380814258650458e-07,,,,,2,6,2.3,G,fit
169,0,1.0,58625.66,0.1522,0.837737283161743,0.0697472185115544,5.447727686253502,0.837737283161743,0.8805924004811108,0.0697472185115544,1.8272621341251385,3,1,4.1,B,fit
170,1,3.1622776601683795,8008.541952384083,0.443725770736577,2.3088942607740712,0.5716865304380964,0.2411504758393177,0.5628478222122604,1.2260261083435,0.1400631502808403,1.221668139335162,3,1,4.1,B,fit
171,2,10.0,404.379929121756,1.2936436242823213,9.471463683526572,2.3334152375484294,0.014402603318741,1.281326296900223,0.8687573590413569,0.096355046493406,1.3841175642477084,3,1,4.1,B,fit
172,3,31.6227766016838,30.066705249818988,3.771504692793245,25.75109955770199,11.48287961260148,0.0010764739824621,1.143202041175121,0.9017818577969332,0.3493223218535922,1.01121631568969,3,1,4.1,B,fit
173,4,100.0,3.3859628,10.995491633681334,72.72549849773979,36.78400132056458,0.0001189883523938,1.7804444522311955,0.8055791390300441,0.1631540111206122,1.1765306070934276,3,1,4.1,B,fit
174,5,316.227766016838,0.3602280930977215,32.05639290264675,183.85535186818387,142.53590353337145,1.2146455905644064e-05,1.028210199658108,0.9009577474584234,0.0717673873803481,1.319198854639049,3,1,4.1,B,fit
175,6,1000.0,0.0265888624784534,93.45760609567321,518.7464647865098,650.9141316536478,9.426951590175634e-07,1.3268213858147089,0.864047562384119,0.0976621544623292,1.2745991332120814,3,1,4.1,B,fit
176,7,1778.2794100389228,0.008008513,159.57492626782852,853.0353732415313,1355.7308657372207,2.752387665720252e-07,0.6254085023843025,0.9645548490757392,0.1348548473853199,1.231479052865106,3,1,4.1,B,fit
177,8,3162.2776601683795,0.0023681638284899,272.46746580813414,1486.2975192299882,2754.5029821856065,7.775013065148659e-08,1.619222999791298,0.8465140253997824,6.919818847383722,0.742842434745393,3,1,4.1,B,fit
178,9,5623.413251903491,0.0009373148449168,465.22672239438015,2419.548094822424,4224.291269024495,3.114311234663401e-08,4.839469977398939,0.7197163891448073,22.11664354741148,0.6082759032239372,3,1,4.1,B,fit
179,10,10000.0,0.000443908395152,794.3550346015521,3661.536405532125,5995.464439128033,1.4499864351474876e-08,12.038997008655814,0.6207682625017931,2226.347150629644,0.1075574868237965,3,1,4.1,B,fit
180,11,31622.776601683792,0.0001803362458536,2315.872535920197,7482.513133571244,6785.8081156524,6.2690403436513534e-09,3.111618665164216,0.7513469155211038,5141.0583668358,0.0267886756293968,3,1,4.1,B,fit
181,12,100000.0,7.560356e-05,6751.723560636403,17771.37149688508,6998.354094438633,2.5593711439889947e-09,,,,,3,1,4.1,B,fit
182,0,1.0,104657.59,0.1522,0.8265042032945619,0.0470564034726198,8.184390259081027,0.8265042032945619,0.9704613520013134,0.0470564034726198,1.5931881230716238,3,2,4.1,C,fit
183,1,3.1622776601683795,13734.960877504664,0.443725770736577,2.526246603228523,0.2945864673631064,0.427722003333779,0.7744976353095616,1.0269112929244475,0.0617750835061522,1.3567989026268394,3,2,4.1,C,fit
184,2,10.0,778.0916971148562,1.2936436242823213,8.240079258308953,1.404792706509769,0.027498341079768,1.062939736846104,0.8894227460537749,0.0530922230282516,1.4225813336737023,3,2,4.1,C,fit
185,3,31.6227766016838,53.54835,3.771504692793245,22.94260680005308,7.226082417110265,0.0019200142617749,1.3970857105967456,0.8102798075706931,0.4439042167262714,0.8077424267473173,3,2,4.1,C,fit
186,4,100.0,8.517864922920355,10.995491633681334,58.3153203665045,18.313616857039648,0.0002980528901748,1.9124746010402425,0.7420934948552725,0.130099892682015,1.0742485928321586,3,2,4.1,C,fit
187,5,316.227766016838,1.0908634432531163,32.05639290264675,137.03434026438214,63.080978354139575,3.682326502264494e-05,1.348810356453749,0.8027514085510784,0.065397527889444,1.1937348354608197,3,2,4.1,C,fit
188,6,1000.0,0.0983911900464821,93.45760609567321,345.3067894387167,249.3250059794136,3.697253013786496e-06,0.4321199583325855,0.9675335973368652,0.0399743849381335,1.2649946826288596,3,2,4.1,C,fit
189,7,1778.2794100389228,0.030667497,159.57492626782852,602.6824108778975,516.4336218495799,1.0226972817622665e-06,10.096411396259043,0.5464373780074163,0.0090506613134155,1.4634874447402524,3,2,4.1,C,fit
190,8,3162.2776601683795,0.0088544262899593,272.46746580813414,825.4634749430444,1199.185503830816,3.215628698460833e-07,0.0728332857773768,1.1583908452488545,0.113819828940833,1.1493338403988325,3,2,4.1,C,fit
191,9,5623.413251903491,0.0025961183778219,465.22672239438015,1608.0352794157966,2323.9128109370376,8.517942901558525e-08,4.096290167340021,0.6917079625843037,0.8224938670498434,0.920289909804124,3,2,4.1,C,fit
192,10,10000.0,0.0010355626674326,794.3550346015521,2394.542575758805,3947.228860340085,3.3677144195338315e-08,8.16723752560145,0.6167868442758608,29.72214980330955,0.5308030221932836,3,2,4.1,C,fit
193,11,31622.776601683792,0.0002700103135915,2315.872535920197,4870.975952210411,7272.668942765197,8.985460165459593e-09,0.6796310352699336,0.8567428406287333,11948.464194629543,-0.0479151706370178,3,2,4.1,C,fit
194,12,100000.0,9.5069064e-05,6751.723560636403,13061.330107449989,6882.341736119616,3.541004577757842e-09,,,,,3,2,4.1,C,fit
195,0,1.0,227958.56,0.1522,0.7062003524797591,0.0282117174028286,15.97690572114456,0.7062003524797591,1.063633473037795,0.0282117174028286,1.2818542484535005,3,3,4.1,D,fit
196,1,3.1622776601683795,30493.86435958024,0.443725770736577,2.402949625459956,0.1234117893169087,1.073368415351105,0.8362384619811347,0.9168290557646632,0.0179467639958215,1.674740994624548,3,3,4.1,D,fit
197,2,10.0,1551.9108133949733,1.2936436242823213,6.904928635808676,0.8486471291396669,0.0543205034649429,1.851501196328627,0.5716351973935574,0.0222458252381169,1.5814786252920845,3,3,4.1,D,fit
198,3,31.6227766016838,134.10611,3.771504692793245,13.334501761718156,5.241631178548649,0.0045541452213998,1.7111725317020556,0.5944553286051135,0.5188391698832696,0.6696224688221665,3,3,4.1,D,fit
199,4,100.0,29.636508781113506,10.995491633681334,26.436530448301724,11.331246660773711,0.0010625955099773,0.9879257300637088,0.7137400804089075,0.1763569049221689,0.9039426125691922,3,3,4.1,D,fit
200,5,316.227766016838,4.832567821082464,32.05639290264675,60.12768699029823,32.08108143960991,0.0001650162182474,0.7572143118531056,0.7599422735098167,0.122325534023666,0.9674927517405894,3,3,4.1,D,fit
201,6,1000.0,0.651571149137125,93.45760609567321,144.22668926129862,97.72268153422144,2.258442913167568e-05,0.5501854251600657,0.8061788509818004,0.1125740004014813,0.9795190920894196,3,3,4.1,D,fit
202,7,1778.2794100389228,0.2292254385278003,159.57492626782852,229.398380257902,171.74145922991906,8.079502721529155e-06,0.3714636975930878,0.8586689137421792,0.0406127890954989,1.1157576408663046,3,3,4.1,D,fit
203,8,3162.2776601683795,0.0720648456550505,272.46746580813414,376.0603756527955,326.4484108869308,2.592853581972322e-06,0.7113443919011019,0.7780507610187647,1.0683111523146944,0.7100333704987039,3,3,4.1,D,fit
204,9,5623.413251903491,0.0300080514356006,465.22672239438015,588.53224969628,491.2730058677758,1.1009230383659293e-06,0.4566365359821195,0.8293865623663388,0.0143579366271477,1.2091282318283771,3,3,4.1,D,fit
205,10,10000.0,0.0098303278309718,794.3550346015521,948.6737994805276,985.3827593870964,3.405087383209741e-07,0.7689180620727922,0.772809210918253,0.0355631671419797,1.110651132133352,3,3,4.1,D,fit
206,11,31622.776601683792,0.0011730131611968,2315.872535920197,2309.5188531143244,3539.407163214916,3.894019212818396e-08,0.4267242264517105,0.8296387137869844,0.8949433631789032,0.7993633275110801,3,3,4.1,D,fit
207,12,100000.0,0.0001646214099999,6751.723560636403,6002.620246277036,8884.074448030693,5.968938020164888e-09,,,,,3,3,4.1,D,fit
208,0,1.0,570479.63,0.1522,0.9428229155732778,0.0080237161365953,42.07696840558305,0.9428229155732778,0.7959016016045378,0.0080237161365953,1.6519071096466265,3,4,4.1,E,fit
209,1,3.1622776601683795,77851.89841303468,0.443725770736577,2.3571158620589143,0.0537438916097652,2.5126967976149106,0.9277177042601904,0.8099301716422732,0.006858583631365,1.7881893439290486,3,4,4.1,E,fit
210,2,10.0,3693.89316955108,1.2936436242823213,5.988885586268264,0.4211373718843663,0.1262060947762652,1.4312627005744492,0.6216266627586664,0.0097258335731709,1.6364969488599106,3,4,4.1,E,fit
211,3,31.6227766016838,280.7774,3.771504692793245,12.250656074497735,2.7712279911751576,0.0093760199480522,2.2871851837331745,0.4859053457397141,0.3650638409146705,0.5868689588128387,3,4,4.1,E,fit
212,4,100.0,76.40427856911994,10.995491633681334,21.434434026194,5.446364915337752,0.0027266624063794,1.3105891019978466,0.6068227340876131,0.3558040383544389,0.5924479317128653,3,4,4.1,E,fit
213,5,316.227766016838,19.40251317248224,32.05639290264675,43.10457699761426,10.772852218990607,0.0006854819720696,1.4311036436573996,0.5915409200358888,0.4146619789578636,0.5658545945054126,3,4,4.1,E,fit
214,6,1000.0,4.898843286154776,93.45760609567321,85.17141207443304,20.666074921823125,0.0001808415747687,0.4196675140966617,0.7691294984026571,0.8295175417211507,0.4654774750297636,3,4,4.1,E,fit
215,7,1778.2794100389228,2.53965613114084,159.57492626782852,132.6099838492244,27.01639318969412,8.884777101977263e-05,0.5677637001312702,0.7287411075769062,0.1059683334188666,0.7404465428045854,3,4,4.1,E,fit
216,8,3162.2776601683795,1.0619489524979893,272.46746580813414,201.7258244321989,41.37509500298568,3.813727199926938e-05,1.9575616962563989,0.5751560115717083,0.2148598833933503,0.6527381909388636,3,4,4.1,E,fit
217,9,5623.413251903491,0.5373185484191947,465.22672239438015,280.8991997521906,60.24535276472371,1.8809449001217888e-05,0.4236535598838177,0.7524105711720429,0.0202861808973458,0.9260595354220292,3,4,4.1,E,fit
218,10,10000.0,0.1996690522115145,794.3550346015521,433.1647871908428,102.66878808238836,7.157453694054385e-06,1.4184774508600526,0.6212076771038298,0.0560194580301125,0.8157748831811611,3,4,4.1,E,fit
219,11,31622.776601683792,0.0362405787034954,2315.872535920197,885.6395106547308,262.61883907174297,1.3685707913232034e-06,0.0744773918863735,0.9056072274567812,1.915985529153988,0.4748741450007463,3,4,4.1,E,fit
220,12,100000.0,0.007111368,6751.723560636403,2512.23693898546,453.6939099584759,2.79271476167708e-07,,,,,3,4,4.1,E,fit
221,0,1.0,676607.25,0.1522,0.9469559857113232,0.0073625366152105,45.65547505979234,0.9469559857113232,0.8502919884274649,0.0073625366152105,1.3862035910089168,3,5,4.1,F,fit
222,1,3.1622776601683795,111344.76338322127,0.443725770736577,2.5204366596337504,0.036318613717179,3.4773233466091824,0.8488152067937409,0.9453252725912228,0.0082836086836077,1.2838193768544008,3,5,4.1,F,fit
223,2,10.0,7196.067973506031,1.2936436242823213,7.484080049910554,0.159235153749826,0.2670993011227526,1.5811995115489077,0.6751517525653492,0.0017149760865432,1.967780882894524,3,5,4.1,F,fit
224,3,31.6227766016838,363.11528,3.771504692793245,16.282245564135888,1.5343675071720475,0.012741085613141,2.2818459817362355,0.568951981973152,0.109628907958371,0.7640028699946569,3,5,4.1,F,fit
225,4,100.0,83.43336726286492,10.995491633681334,31.346589119309925,3.6976928030433935,0.0027461800508048,2.570224781177694,0.5431095923820756,0.4023062298916321,0.4816870350667637,3,5,4.1,F,fit
226,5,316.227766016838,23.832907491493003,32.05639290264675,58.579422719128594,6.438346494414131,0.0008439771609241,1.615680471216342,0.6237558447438756,0.2056167778806482,0.5982863185130156,3,5,4.1,F,fit
227,6,1000.0,5.881032847914919,93.45760609567321,120.12212596872742,12.820870242235966,0.0002066853109654,1.758919843768777,0.6114589871191731,0.3026909682592373,0.5423060140626575,3,5,4.1,F,fit
228,7,1778.2794100389228,2.9285551903655507,159.57492626782852,170.79995687144364,17.51838265007852,0.0001063820517922,0.7519967406768471,0.7250067072073796,0.0150542955359345,0.943333406382633,3,5,4.1,F,fit
229,8,3162.2776601683795,1.1762971662997015,272.46746580813414,259.2623382136215,30.15278006053959,4.0717708968899264e-05,1.3372891783796803,0.6535754580775811,0.0499028663879506,0.7946291051347776,3,5,4.1,F,fit
230,9,5623.413251903491,0.4850439790135008,465.22672239438015,377.6880969494263,47.641413264767706,1.7690177603720876e-05,2.981238346997228,0.5607297597825807,0.0005323329707059,1.320480338829327,3,5,4.1,F,fit
231,10,10000.0,0.176660808570825,794.3550346015521,521.5737644742176,101.8837029354381,5.990039254462968e-06,0.7482783231277897,0.7108131434066646,0.1892455712386698,0.6827697490113079,3,5,4.1,F,fit
232,11,31622.776601683792,0.0368206990665945,2315.872535920197,1182.285354070438,223.6091626960977,1.2040325344283845e-06,0.0600808690482523,0.954219134156488,6.379102253435698,0.3432733403767188,3,5,4.1,F,fit
233,12,100000.0,0.007440617,6751.723560636403,3546.760611254086,331.99096566593096,2.70328593604548e-07,,,,,3,5,4.1,F,fit
234,0,1.0,52084.792,0.1522,0.802723006104263,0.0625918037363089,6.335296573069124,0.802723006104263,0.9578268025921568,0.0625918037363089,1.601250383062299,4,2,6.7,C,fit
235,1,3.1622776601683795,6694.446729766649,0.443725770736577,2.4181270283996805,0.3954965127698252,0.3328345158004394,0.6144507878698908,1.189984011873235,0.1127444414850167,1.0900950379795866,4,2,6.7,C,fit
236,2,10.0,416.1116248084812,1.2936436242823213,9.516365575423814,1.3873632221050989,0.0241095349032791,1.8260495052540755,0.716958569970239,0.053818896258452,1.411255390697821,4,2,6.7,C,fit
237,3,31.6227766016838,35.26762,3.771504692793245,21.724530641368546,7.043976085635587,0.0020800886877056,1.220267019506172,0.833663685769051,0.5193659828708498,0.7548962478699465,4,2,6.7,C,fit
238,4,100.0,5.97719467226949,10.995491633681334,56.72601104269769,16.798325674016013,0.000334042623079,2.087257741324074,0.7171030823549618,0.1298965719980449,1.0558341533555375,4,2,6.7,C,fit
239,5,316.227766016838,0.7634027908476229,32.05639290264675,129.51909057917973,56.64780331437282,4.3384367222155865e-05,0.9825538146537692,0.8479909761044164,0.0460801289953577,1.2358677549234471,4,2,6.7,C,fit
240,6,1000.0,0.0679168757826166,93.45760609567321,343.8185262348645,235.02656374677355,3.939162546147664e-06,0.8649442808862097,0.8664470476620095,0.0791717269811814,1.1575156108614315,4,2,6.7,C,fit
241,7,1778.2794100389228,0.0220696589648927,159.57492626782852,566.1624165722462,457.6103659151421,1.2286077127542009e-06,2.507784573485255,0.7242002491710152,0.0097130603463372,1.4378891589780007,4,2,6.7,C,fit
242,8,3162.2776601683795,0.0061380394680672,272.46746580813414,858.9959151647266,1047.0517413330956,3.539084118800019e-07,0.5185771735382053,0.919765057801466,0.0772358745642386,1.1806140213842715,4,2,6.7,C,fit
243,9,5623.413251903491,0.0018334909080203,465.22672239438015,1458.5870825096438,2065.958763425354,1.0563214906196937e-07,1.694379919132907,0.7826457512765893,0.2798168320731063,1.031532750212501,4,2,6.7,C,fit
244,10,10000.0,0.000705404876978,794.3550346015521,2288.7259875452964,3741.1475438567713,3.7175043906595455e-08,5.567941433895999,0.6534747855890859,21.428700897378164,0.560502248327457,4,2,6.7,C,fit
245,11,31622.776601683792,0.0001762408557008,2315.872535920197,4856.587231045453,7132.732886779192,9.188888318846784e-09,7.735126422057531,0.6217475061152483,6455.910754200912,0.0096218760766094,4,2,6.7,C,fit
246,12,100000.0,7.866133e-05,6751.723560636403,9935.848177207865,7212.185667652508,4.441997216560389e-09,,,,,4,2,6.7,C,fit
247,0,1.0,80307.48999999999,0.1522,0.7608375307779695,0.0463616815051091,9.023998630638289,0.7608375307779695,0.9489292778983982,0.0463616815051091,1.4153433539535814,4,3,6.7,D,fit
248,1,3.1622776601683795,10468.879869581708,0.443725770736577,2.268592888772089,0.2364998426387861,0.5932840937147454,0.7878341687774891,0.9186435078625464,0.0383937965255622,1.579139594326883,4,3,6.7,D,fit
249,2,10.0,611.3344809353083,1.2936436242823213,6.532483483133671,1.4568024167896887,0.0334480769532979,1.94645916034686,0.5258330243260235,0.1266936821258628,1.0606456949460636,4,3,6.7,D,fit
250,3,31.6227766016838,92.65591,3.771504692793245,11.967262918025416,4.939960777875264,0.0053843315446505,1.4228378506797,0.6165596150729434,0.449053796536379,0.6942834188315682,4,3,6.7,D,fit
251,4,100.0,20.271402234672312,10.995491633681334,24.337425775847137,10.986647993205986,0.0011904475817193,0.7807149919822863,0.746891060434088,0.196102757485989,0.874190754821661,4,3,6.7,D,fit
252,5,316.227766016838,3.1793936021736338,32.05639290264675,57.50692824897083,30.05803512144347,0.000184149001988,0.6057494242680665,0.7909708640806844,0.1067753850587297,0.9797957765167729,4,3,6.7,D,fit
253,6,1000.0,0.4088082031494734,93.45760609567321,142.95705809824486,92.86637124735016,2.3976514492042654e-05,0.7831461706201007,0.7537875911977621,0.0530339433656996,1.081101518440432,4,3,6.7,D,fit
254,7,1778.2794100389228,0.1450051651387959,159.57492626782852,220.62387087724773,173.03495941973034,8.338036113332716e-06,0.2880117141537777,0.8874591840372802,0.1909100719425804,0.9099400043499126,4,3,6.7,D,fit
255,8,3162.2776601683795,0.0519007890225873,272.46746580813414,367.72003779915394,292.1587222792224,2.96287940153137e-06,0.9435556716873484,0.7402142190228875,0.4505771248888562,0.8033856334408155,4,3,6.7,D,fit
256,9,5623.413251903491,0.0215766507716901,465.22672239438015,563.0809709845315,463.94368202282607,1.2184676733166366e-06,0.3613018631396814,0.85138683992681,0.0251299790869682,1.1376728367224094,4,3,6.7,D,fit
257,10,10000.0,0.0067009812060735,794.3550346015521,919.215969710172,893.065832303758,3.877475768122212e-07,0.6862331537261397,0.7817364661726218,0.0113028360902219,1.224424011101274,4,3,6.7,D,fit
258,11,31622.776601683792,0.0007098193747027,2315.872535920197,2260.923114697951,3656.7517644185687,3.8500720219501486e-08,1.9773892107056543,0.6795985852755041,2.3273825334692377,0.7102728242024423,4,3,6.7,D,fit
259,12,100000.0,0.0001518673,6751.723560636403,4944.075413390563,8283.843618156166,7.772006390780957e-09,,,,,4,3,6.7,D,fit
260,0,1.0,14.317887,0.1522,290.1544173708574,1.8440748290263824,0.0005948978517713,290.1544173708574,-1.1770930807722522,1.8440748290263824,0.1640075569226649,4,4,6.7,E,fit
261,1,316.227766016838,7.664094717276328,32.05639290264675,0.3310522049456874,4.740208363639787,0.2028412182735848,1.7157468498902848e-17,6.514177309844042,0.1083347225861047,0.6564119026641156,4,4,6.7,E,fit
262,2,1000.0,0.8686571190562529,93.45760609567321,598.3911195411907,10.092607491135222,5.270618766325209e-05,29.03897226977343,0.4380012992420343,0.6775893547502997,0.3910122697161157,4,4,6.7,E,fit
263,3,1778.2794100389228,0.5735529216288016,159.57492626782852,769.9906730081302,12.640272918514958,3.270455255822125e-05,2.1198056555772284e-21,7.249289051703766,1.1664655462113644e+23,-6.758497066037012,4,4,6.7,E,fit
264,4,3162.2776601683795,0.4447540919589705,272.46746580813414,49981.32067514801,0.2583046262449041,2.465529568946642e-05,1.3711642766225329e+31,-7.553794789270573,5.592240949470726e-31,8.475584659757278,4,4,6.7,E,fit
265,5,5623.413251903491,0.2597886022112445,465.22672239438015,646.1882104434093,33.96474430100756,1.450316365923455e-05,7605044915.631779,-1.885531400854192,2.129631155954273e-06,1.9207263886982384,4,4,6.7,E,fit
266,6,10000.0,0.169804118986091,794.3550346015521,218.2610197360393,102.61478666463634,1.42122880414347e-05,70.60259458215215,0.1225388796645034,0.0207041381358379,0.9237881975051828,4,4,6.7,E,fit
267,7,31622.776601683792,0.051436824462244,2315.872535920197,251.33074568501297,297.2378048702493,4.260891370482526e-06,0.0002004722357533,1.355153641316667,0.2655685087175789,0.6775394378900389,4,4,6.7,E,fit
268,8,100000.0,0.007512341,6751.723560636403,1196.2513487043157,648.4459233628268,4.103495132390996e-07,,,,,4,4,6.7,E,fit
269,0,1.0,34676.563,0.1522,0.5593131707676815,0.0710959858561724,8.004791055862977,0.5593131707676815,1.5290730605916367,0.0710959858561724,1.4062563916336657,5,2,9.6,C,fit
270,1,3.1622776601683795,4397.34846477841,0.443725770736577,3.2523073195932986,0.3588998497983648,0.2727000855391515,1.4934998717851289,0.6759727738036689,0.0679579274258072,1.44546630250003,5,2,9.6,C,fit
271,2,10.0,292.0474301728761,1.2936436242823213,7.082359430293907,1.895424228849764,0.0237118662176708,0.6915209054976041,1.010372649578888,0.1665137792662191,1.0562562499761838,5,2,9.6,C,fit
272,3,31.6227766016838,25.930862,3.771504692793245,22.66544698783993,6.394911709348942,0.0021960958246605,1.7173583244844022,0.7470022457864582,0.3727492197605388,0.8229452065045448,5,2,9.6,C,fit
273,4,100.0,4.390204243447758,10.995491633681334,53.56306386251352,16.493284716058053,0.0003603110324507,1.6864428674322054,0.7509468891027168,0.1284027286183669,1.054366451638033,5,2,9.6,C,fit
274,5,316.227766016838,0.5507950269912415,32.05639290264675,127.15658499712012,55.52523200759968,4.508383895115782e-05,0.9310541906110804,0.8541455586076442,0.0495770438578613,1.2196839017856362,5,2,9.6,C,fit
275,6,1000.0,0.0495837802111672,93.45760609567321,339.9473303851166,226.1165407540195,4.14100885826372e-06,1.153217598742631,0.8231667912185876,0.0335795739182654,1.276085717194623,5,2,9.6,C,fit
276,7,1778.2794100389228,0.0156063786140378,159.57492626782852,546.0134398791424,471.3611254154727,1.236781648244196e-06,0.9897449082315924,0.8435938635729253,0.0362345158900748,1.265917322695976,5,2,9.6,C,fit
277,8,3162.2776601683795,0.0045694557375164,272.46746580813414,887.3639859225916,976.86172312672,3.672106225630067e-07,1.4525548729519195,0.7959912145842593,0.0120073112785377,1.4029678066535471,5,2,9.6,C,fit
278,9,5623.413251903491,0.0012702210022704,465.22672239438015,1403.135466775773,2190.6603330488742,1.0355605095878257e-07,1.1176956269140617,0.8263402801664561,1.2904437668065367,0.8612895893908036,5,2,9.6,C,fit
279,10,10000.0,0.0005096414174242,794.3550346015521,2257.7958601147643,3596.6439071706777,3.919837046810445e-08,7.102762030347362,0.6255643519978802,16.417603237022504,0.585146921467426,5,2,9.6,C,fit
280,11,31622.776601683792,0.0001284418054593,2315.872535920197,4639.4537362937135,7054.575771807593,9.725509813773842e-09,4.812273701176506,0.6631370062740046,6724.153549391031,0.0046296178415629,5,2,9.6,C,fit
281,12,100000.0,5.9500520000000005e-05,6751.723560636403,9954.864465329209,7092.277361017433,4.508468756379447e-09,,,,,5,2,9.6,C,fit
282,0,1.0,49095.303,0.1522,0.838702171788257,0.0496680755034342,7.641260877948619,0.838702171788257,0.8635426652328568,0.0496680755034342,1.402892264243392,5,3,9.6,D,fit
283,1,3.1622776601683795,6846.142790598121,0.443725770736577,2.266622002497651,0.2497603330078853,0.5622734309403596,0.839101124954256,0.8631295937789311,0.0350501066746553,1.7056682413842268,5,3,9.6,D,fit
284,2,10.0,371.08567725495607,1.2936436242823213,6.122712923888093,1.7797441965937495,0.0292111493197692,1.5504464736469743,0.5964871195116296,0.2484041675625277,0.8551987075856947,5,3,9.6,D,fit
285,3,31.6227766016838,65.98301,3.771504692793245,12.16711062880388,4.763837505219106,0.0054916864262886,1.5002607410705566,0.606013808068597,0.4060500842944344,0.7129182228457955,5,3,9.6,D,fit
286,4,100.0,14.189801908067611,10.995491633681334,24.44524312057744,10.824704528631848,0.0012029282267145,0.8197884709956312,0.7372462772666699,0.1665209496928169,0.9064735858051196,5,3,9.6,D,fit
287,5,316.227766016838,2.3088907999426964,32.05639290264675,57.12385387448298,30.736388971065264,0.0001812924775901,0.6199390722718788,0.785787396194092,0.1242190675021808,0.9573858315414606,5,3,9.6,D,fit
288,6,1000.0,0.3011329208125115,93.45760609567321,141.15985306793186,92.54346565736216,2.436650104607144e-05,0.6155174556714101,0.7868236079620368,0.1100361504217672,0.9749367903379864,5,3,9.6,D,fit
289,7,1778.2794100389228,0.1048060198814828,159.57492626782852,222.0327815351237,162.2108712481192,8.83798114594035e-06,0.6430696593970389,0.7809720246037318,0.0425787840428737,1.101811292971205,5,3,9.6,D,fit
290,8,3162.2776601683795,0.0351510663299101,272.46746580813414,348.0648005852286,305.8671103678201,2.989903980419794e-06,0.3159136501497949,0.8691690612170416,0.6544662028663606,0.7627558731452934,5,3,9.6,D,fit
291,9,5623.413251903491,0.0150307089919682,465.22672239438015,574.0535025140325,474.4841925360845,1.1686272467989798e-06,0.747483857350301,0.7694268141332288,0.0338578310289958,1.1057500307186543,5,3,9.6,D,fit
292,10,10000.0,0.0048431234756127,794.3550346015521,893.9414492535875,896.724955441875,3.970834591646592e-07,0.5663149144131088,0.799562768825127,0.0185495750901873,1.171081322584185,5,3,9.6,D,fit
293,11,31622.776601683792,0.0005255199709526,2315.872535920197,2244.3493497421146,3453.0265485858995,4.107331452310493e-08,2.4723197460433446,0.6573301825574202,1.2101989773030055,0.7678540301877534,5,3,9.6,D,fit
294,12,100000.0,0.0001006942859999,6751.723560636403,4783.60763415305,8358.472780816415,7.961000376763024e-09,,,,,5,3,9.6,D,fit
295,0,1.0,27837.658,0.1522,0.7650263808495427,0.0658303392595401,6.320444507024003,0.7650263808495427,1.0218606349307495,0.0658303392595401,1.5567182581717902,6,2,12.0,C,fit
296,1,3.1622776601683795,3588.284604643422,0.443725770736577,2.480885546332833,0.3951711422819376,0.3246819727555132,0.6840544109219531,1.1190321624914097,0.0947739742778101,1.2401922590178085,6,2,12.0,C,fit
297,2,10.0,214.38551756169505,1.2936436242823213,8.997519781661621,1.6477121792387883,0.0214706882101092,1.411603631701959,0.8044100431319701,0.0965107263872387,1.2323057675002966,6,2,12.0,C,fit
298,3,31.6227766016838,19.943614,3.771504692793245,22.715789298986056,6.808230261153396,0.0020582023038335,1.7813626912397835,0.7370503196549136,0.4755339407776051,0.7705684772452441,6,2,12.0,C,fit
299,4,100.0,3.554582616273169,10.995491633681334,53.0704770536324,16.53173649212457,0.0003628095093572,1.519599769715114,0.7715618862385828,0.1425358436234124,1.0321971918491124,6,2,12.0,C,fit
300,5,316.227766016838,0.4480071295010122,32.05639290264675,129.01313678591964,54.252164527645945,4.547776597513414e-05,1.1436057584363002,0.8209430404623309,0.0437871222855064,1.237228266438055,6,2,12.0,C,fit
301,6,1000.0,0.0399940832072847,93.45760609567321,331.97505757543945,225.4401181456794,4.253177121219797e-06,0.9486185565849572,0.8480046129872354,0.0505418618251472,1.2164599890849828,6,2,12.0,C,fit
302,7,1778.2794100389228,0.0131164926139203,159.57492626782852,540.8870805391089,454.0944570104537,1.29597707295414e-06,1.3972821474168848,0.7962530762711408,0.0377679455411997,1.255391642903157,6,2,12.0,C,fit
303,8,3162.2776601683795,0.0038553945520496,272.46746580813414,855.401243408992,935.3929909830804,3.978195655148964e-07,0.869167805973153,0.855161784444976,0.0061781401164358,1.4800389593575929,6,2,12.0,C,fit
304,9,5623.413251903491,0.0010290275821635,465.22672239438015,1399.4594636161628,2192.8243806129426,1.0372559930769045e-07,1.4737484537236465,0.794009856236249,1.0774256791414232,0.8822977410620508,6,2,12.0,C,fit
305,10,10000.0,0.0004133224443692,794.3550346015521,2210.3588530957945,3643.9993133590574,3.951928271738537e-08,4.918143883015219,0.6631653893168548,14.859414050969717,0.5973941505432805,6,2,12.0,C,fit
306,11,31622.776601683792,9.948227992858504e-05,2315.872535920197,4742.916534531299,7248.954298749602,9.258258094283678e-09,13.010592583183024,0.5692774232354506,11543.913555183288,-0.0449061564915793,6,2,12.0,C,fit
307,12,100000.0,5.120187e-05,6751.723560636403,9134.487664735503,6883.7055239141455,5.062250712247861e-09,,,,,6,2,12.0,C,fit
308,0,1.0,37695.255,0.1522,0.7225258527894359,0.0582413321836612,7.564242368854329,0.7225258527894359,1.0027492786735537,0.0582413321836612,1.3829470289390986,6,3,12.0,D,fit
309,1,3.1622776601683795,4873.266685426299,0.443725770736577,2.2920708111994377,0.2862231880490362,0.4851960783644301,0.8673877172371806,0.8440295252396135,0.0445143584345155,1.616409392522805,6,3,12.0,D,fit
310,2,10.0,297.1318561524209,1.2936436242823213,6.05679386409376,1.840388500655824,0.0285560295769609,1.6357985829044146,0.5685129655844553,0.2889050160813209,0.8041544286890105,6,3,12.0,D,fit
311,3,31.6227766016838,55.407967,3.771504692793245,11.65465107925836,4.645010770424301,0.005879821283853,1.3966649719233444,0.6142713564912156,0.3843925075538774,0.7214745409147745,6,3,12.0,D,fit
312,4,100.0,11.764045780806995,10.995491633681334,23.639318618191982,10.659184900208782,0.0012632554403983,0.7461612362815658,0.7504011354641975,0.1650712040688556,0.9050263383223396,6,3,12.0,D,fit
313,5,316.227766016838,1.8076121754592551,32.05639290264675,56.083553357154365,30.2160134371495,0.0001878353984185,0.6013948819799798,0.7878703176612182,0.1330141235537394,0.9425357631101796,6,3,12.0,D,fit
314,6,1000.0,0.2500957765867699,93.45760609567321,138.92188925004223,89.43449241699739,2.5619721238496786e-05,0.4456068446061021,0.8312729425822882,0.0482189280125752,1.0894291651502133,6,3,12.0,D,fit
315,7,1778.2794100389228,0.0812337705946501,159.57492626782852,224.1758971387372,167.44120385406242,8.480058984100783e-06,0.7045141089801357,0.770061298925238,0.149535395074765,0.9381902570234002,6,3,12.0,D,fit
316,8,3162.2776601683795,0.0307182937555689,272.46746580813414,349.2241276624733,287.3491402430753,3.1720204903185647e-06,0.4857219927918819,0.8162047065829068,0.3932165375264644,0.8182223221035212,6,3,12.0,D,fit
317,9,5623.413251903491,0.0124519742686029,465.22672239438015,558.6700862003057,460.2199941619062,1.2380244647022744e-06,0.4739463118324692,0.819047005285256,0.0378816617690628,1.089209722791438,6,3,12.0,D,fit
318,10,10000.0,0.0038649778200184,794.3550346015521,895.1940133242601,861.5250571607605,4.127290566892378e-07,0.5884162455143722,0.7955581286369652,0.0089038016211136,1.2464231095067544,6,3,12.0,D,fit
319,11,31622.776601683792,0.0004134182236239,2315.872535920197,2237.155816416471,3618.090852193994,3.932551563657624e-08,2.2775936302024524,0.6649377764295152,2.556637587356163,0.700180066323253,6,3,12.0,D,fit
320,12,100000.0,8.367797999999999e-05,6751.723560636403,4810.222015672463,8101.575827700204,8.167995774916376e-09,,,,,6,3,12.0,D,fit
