ID,istab,wind,x,y,z,icurve,t,sig_x,sig_y,sig_z, zfunc, cpeak, concentration, dinf, dose
0,3,3,10,0,6.93309e-310,0,5000,1.29376,6.90168,0.632703,1.26107,-999,0,-999,24298.2
1,3,3,19.9,0,6.93309e-310,0,5000,2.45239,10.7219,2.27882,0.350131,-999,0,-999,4342.56
2,3,3,29.8,0,6.93309e-310,0,5000,3.56915,13.8848,4.83362,0.16507,-999,0,-999,1580.94
3,3,3,39.7,0,6.93309e-310,0,5000,4.65952,16.4766,6.31427,0.126362,-999,0,-999,1019.86
4,3,3,49.6,0,6.93309e-310,0,5000,5.73064,18.7698,7.36087,0.108395,-999,0,-999,767.964
5,3,3,59.5,0,6.93309e-310,0,5000,6.78668,20.8794,8.34398,0.095624,-999,0,-999,609.03
6,3,3,69.4,0,6.93309e-310,0,5000,7.83033,22.8476,9.27722,0.0860047,-999,0,-999,500.577
7,3,3,79.3,0,6.93309e-310,0,5000,8.86348,24.7022,10.1698,0.0784563,-999,0,-999,422.358
8,3,3,89.2,0,6.93309e-310,0,5000,9.88754,26.4631,11.0283,0.072349,-999,0,-999,363.565
9,3,3,99.1,0,6.93309e-310,0,5000,10.9036,28.1445,11.8575,0.0672893,-999,0,-999,317.937
10,3,3,109,0,6.93309e-310,0,5000,11.9125,30.057,12.9175,0.0617677,-999,0,-999,273.278
11,3,3,118.9,0,6.93309e-310,0,5000,12.9149,31.9471,13.9946,0.0570138,-999,0,-999,237.322
12,3,3,128.8,0,6.93309e-310,0,5000,13.9115,33.7907,15.0646,0.0529641,-999,0,-999,208.436
13,3,3,138.7,0,6.93309e-310,0,5000,14.9026,35.5925,16.1282,0.0494714,-999,0,-999,184.835
14,3,3,148.6,0,6.93309e-310,0,5000,15.8888,37.3562,17.1858,0.046427,-999,0,-999,165.271
15,3,3,158.5,0,6.93309e-310,0,5000,16.8704,39.0851,18.2379,0.0437488,-999,0,-999,148.848
16,3,3,168.4,0,6.93309e-310,0,5000,17.8476,40.7822,19.2848,0.0413738,-999,0,-999,134.91
17,3,3,178.3,0,6.93309e-310,0,5000,18.8208,42.4496,20.3268,0.0392528,-999,0,-999,122.966
18,3,3,188.2,0,6.93309e-310,0,5000,19.7901,44.0897,21.3643,0.0373466,-999,0,-999,112.643
19,3,3,198.1,0,6.93309e-310,0,5000,20.7559,45.7041,22.3976,0.0356237,-999,0,-999,103.651
20,3,3,208,0,6.93309e-310,0,5000,21.7182,47.2947,23.4267,0.0340587,-999,0,-999,95.7645
21,3,3,217.9,0,6.93309e-310,0,5000,22.6774,48.8628,24.452,0.0326306,-999,0,-999,88.8046
22,3,3,227.8,0,6.93309e-310,0,5000,23.6334,50.4098,25.4737,0.0313219,-999,0,-999,82.627
23,3,3,237.7,0,6.93309e-310,0,5000,24.5866,51.9369,26.4918,0.0301181,-999,0,-999,77.1154
24,3,3,247.6,0,6.93309e-310,0,5000,25.5369,53.445,27.5066,0.029007,-999,0,-999,72.1745
25,3,3,257.5,0,6.93309e-310,0,5000,26.4845,54.9353,28.5183,0.027978,-999,0,-999,67.7258
26,3,3,267.4,0,6.93309e-310,0,5000,27.4296,56.4086,29.5268,0.0270224,-999,0,-999,63.704
27,3,3,277.3,0,6.93309e-310,0,5000,28.3722,57.8656,30.5325,0.0261323,-999,0,-999,60.0546
28,3,3,287.2,0,6.93309e-310,0,5000,29.3125,59.3072,31.5353,0.0253013,-999,0,-999,56.7316
29,3,3,297.1,0,6.93309e-310,0,5000,30.2504,60.7341,32.5354,0.0245236,-999,0,-999,53.6959
30,3,3,307,0,6.93309e-310,0,5000,31.1862,62.1468,33.5328,0.0237941,-999,0,-999,50.9143
31,3,3,316.9,0,6.93309e-310,0,5000,32.1198,63.5573,34.5306,0.0231066,-999,0,-999,48.3459
32,3,3,326.8,0,6.93309e-310,0,5000,33.0514,65.1111,35.5649,0.0224346,-999,0,-999,45.8198
33,3,3,336.7,0,6.93309e-310,0,5000,33.981,66.6547,36.5979,0.0218014,-999,0,-999,43.4953
34,3,3,346.6,0,6.93309e-310,0,5000,34.9086,68.1887,37.6297,0.0212036,-999,0,-999,41.351
35,3,3,356.5,0,6.93309e-310,0,5000,35.8344,69.7132,38.6603,0.0206384,-999,0,-999,39.3685
36,3,3,366.4,0,6.93309e-310,0,5000,36.7583,71.2287,39.6897,0.0201031,-999,0,-999,37.5315
37,3,3,376.3,0,6.93309e-310,0,5000,37.6805,72.7354,40.718,0.0195954,-999,0,-999,35.8258
38,3,3,386.2,0,6.93309e-310,0,5000,38.601,74.2336,41.7452,0.0191132,-999,0,-999,34.239
39,3,3,396.1,0,6.93309e-310,0,5000,39.5199,75.7236,42.7714,0.0186546,-999,0,-999,32.7601
40,3,3,406,0,6.93309e-310,0,5000,40.4371,77.2056,43.7965,0.018218,-999,0,-999,31.3791
41,3,3,415.9,0,6.93309e-310,0,5000,41.3527,78.6799,44.8205,0.0178018,-999,0,-999,30.0876
42,3,3,425.8,0,6.93309e-310,0,5000,42.2668,80.1466,45.8436,0.0174045,-999,0,-999,28.8778
43,3,3,435.7,0,6.93309e-310,0,5000,43.1794,81.606,46.8658,0.0170249,-999,0,-999,27.7428
44,3,3,445.6,0,6.93309e-310,0,5000,44.0905,83.0583,47.887,0.0166618,-999,0,-999,26.6765
45,3,3,455.5,0,6.93309e-310,0,5000,45.0002,84.5037,48.9072,0.0163142,-999,0,-999,25.6732
46,3,3,465.4,0,6.93309e-310,0,5000,45.9085,85.9424,49.9266,0.0159812,-999,0,-999,24.728
47,3,3,475.3,0,6.93309e-310,0,5000,46.8155,87.3745,50.9451,0.0156617,-999,0,-999,23.8365
48,3,3,485.2,0,6.93309e-310,0,5000,47.7211,88.8002,51.9627,0.0153549,-999,0,-999,22.9944
49,3,3,495.1,0,6.93309e-310,0,5000,48.6254,90.2197,52.9795,0.0150602,-999,0,-999,22.1983
50,3,3,505,0,6.93309e-310,0,5000,49.5284,91.6331,53.9955,0.0147769,-999,0,-999,21.4447
51,3,3,514.9,0,6.93309e-310,0,5000,50.4302,93.0405,55.0106,0.0145042,-999,0,-999,20.7305
52,3,3,524.8,0,6.93309e-310,0,5000,51.3308,94.4422,56.025,0.0142416,-999,0,-999,20.0531
53,3,3,534.7,0,6.93309e-310,0,5000,52.2301,95.8381,57.0386,0.0139885,-999,0,-999,19.4098
54,3,3,544.6,0,6.93309e-310,0,5000,53.1283,97.2286,58.0514,0.0137445,-999,0,-999,18.7985
55,3,3,554.5,0,6.93309e-310,0,5000,54.0253,98.6136,59.0635,0.0135089,-999,0,-999,18.2169
56,3,3,564.4,0,6.93309e-310,0,5000,54.9212,99.9933,60.0748,0.0132815,-999,0,-999,17.6631
57,3,3,574.3,0,6.93309e-310,0,5000,55.816,101.368,61.0854,0.0130618,-999,0,-999,17.1353
58,3,3,584.2,0,6.93309e-310,0,5000,56.7097,102.737,62.0953,0.0128493,-999,0,-999,16.6319
59,3,3,594.1,0,6.93309e-310,0,5000,57.6024,104.102,63.1046,0.0126439,-999,0,-999,16.1514
60,3,3,604,0,6.93309e-310,0,5000,58.494,105.461,64.1131,0.012445,-999,0,-999,15.6924
61,3,3,613.9,0,6.93309e-310,0,5000,59.3845,106.816,65.121,0.0122523,-999,0,-999,15.2536
62,3,3,623.8,0,6.93309e-310,0,5000,60.2741,108.166,66.1282,0.0120657,-999,0,-999,14.8338
63,3,3,633.7,0,6.93309e-310,0,5000,61.1626,109.512,67.1347,0.0118848,-999,0,-999,14.4318
64,3,3,643.6,0,6.93309e-310,0,5000,62.0502,110.853,68.1406,0.0117094,-999,0,-999,14.0468
65,3,3,653.5,0,6.93309e-310,0,5000,62.9368,112.189,69.1459,0.0115391,-999,0,-999,13.6776
66,3,3,663.4,0,6.93309e-310,0,5000,63.8224,113.521,70.1506,0.0113739,-999,0,-999,13.3235
67,3,3,673.3,0,6.93309e-310,0,5000,64.7072,114.849,71.1547,0.0112134,-999,0,-999,12.9836
68,3,3,683.2,0,6.93309e-310,0,5000,65.591,116.173,72.1581,0.0110574,-999,0,-999,12.6572
69,3,3,693.1,0,6.93309e-310,0,5000,66.4739,117.493,73.161,0.0109059,-999,0,-999,12.3435
70,3,3,703,0,6.93309e-310,0,5000,67.3559,118.809,74.1633,0.0107585,-999,0,-999,12.0418
71,3,3,712.9,0,6.93309e-310,0,5000,68.237,120.12,75.165,0.0106151,-999,0,-999,11.7516
72,3,3,722.8,0,6.93309e-310,0,5000,69.1173,121.428,76.1662,0.0104756,-999,0,-999,11.4722
73,3,3,732.7,0,6.93309e-310,0,5000,69.9967,122.732,77.1668,0.0103397,-999,0,-999,11.2032
74,3,3,742.6,0,6.93309e-310,0,5000,70.8753,124.032,78.1669,0.0102075,-999,0,-999,10.9439
75,3,3,752.5,0,6.93309e-310,0,5000,71.753,125.328,79.1664,0.0100786,-999,0,-999,10.694
76,3,3,762.4,0,6.93309e-310,0,5000,72.63,126.621,80.1653,0.00995299,-999,0,-999,10.4529
77,3,3,772.3,0,6.93309e-310,0,5000,73.5061,127.91,81.1638,0.00983055,-999,0,-999,10.2202
78,3,3,782.2,0,6.93309e-310,0,5000,74.3815,129.196,82.1617,0.00971115,-999,0,-999,9.99565
79,3,3,792.1,0,6.93309e-310,0,5000,75.256,130.478,83.1591,0.00959467,-999,0,-999,9.77872
80,3,3,802,0,6.93309e-310,0,5000,76.1298,131.757,84.1561,0.00948101,-999,0,-999,9.5691
81,3,3,811.9,0,6.93309e-310,0,5000,77.0029,133.032,85.1525,0.00937007,-999,0,-999,9.36647
82,3,3,821.8,0,6.93309e-310,0,5000,77.8751,134.304,86.1484,0.00926175,-999,0,-999,9.17051
83,3,3,831.7,0,6.93309e-310,0,5000,78.7467,135.572,87.1438,0.00915595,-999,0,-999,8.98092
84,3,3,841.6,0,6.93309e-310,0,5000,79.6175,136.838,88.1388,0.00905259,-999,0,-999,8.79743
85,3,3,851.5,0,6.93309e-310,0,5000,80.4876,138.1,89.1333,0.00895159,-999,0,-999,8.61976
86,3,3,861.4,0,6.93309e-310,0,5000,81.3569,139.359,90.1273,0.00885286,-999,0,-999,8.44768
87,3,3,871.3,0,6.93309e-310,0,5000,82.2256,140.615,91.1208,0.00875634,-999,0,-999,8.28093
88,3,3,881.2,0,6.93309e-310,0,5000,83.0936,141.868,92.1139,0.00866193,-999,0,-999,8.11931
89,3,3,891.1,0,6.93309e-310,0,5000,83.9608,143.118,93.1065,0.00856959,-999,0,-999,7.9626
90,3,3,901,0,6.93309e-310,0,5000,84.8274,144.365,94.0987,0.00847923,-999,0,-999,7.81059
91,3,3,910.9,0,6.93309e-310,0,5000,85.6934,145.609,95.0905,0.00839079,-999,0,-999,7.6631
92,3,3,920.8,0,6.93309e-310,0,5000,86.5586,146.85,96.0818,0.00830422,-999,0,-999,7.51994
93,3,3,930.7,0,6.93309e-310,0,5000,87.4232,148.088,97.0727,0.00821946,-999,0,-999,7.38095
94,3,3,940.6,0,6.93309e-310,0,5000,88.2872,149.323,98.0631,0.00813644,-999,0,-999,7.24596
95,3,3,950.5,0,6.93309e-310,0,5000,89.1505,150.556,99.0531,0.00805512,-999,0,-999,7.1148
96,3,3,960.4,0,6.93309e-310,0,5000,90.0132,151.786,100.043,0.00797544,-999,0,-999,6.98735
97,3,3,970.3,0,6.93309e-310,0,5000,90.8752,153.013,101.032,0.00789735,-999,0,-999,6.86345
98,3,3,980.2,0,6.93309e-310,0,5000,91.7367,154.237,102.021,0.00782081,-999,0,-999,6.74297
99,3,3,990.1,0,6.93309e-310,0,5000,92.5975,155.459,103.009,0.00774577,-999,0,-999,6.62579
100,3,3,1000,0,6.93309e-310,0,5000,93.4577,156.678,103.997,0.00767218,-999,0,-999,6.51178
101,3,3,10,0,6.93309e-310,1,5000,2.18547,7.43901,1.07287,0.743691,-999,0,-999,13294.3
102,3,3,19.9,0,6.93309e-310,1,5000,3.31011,11.1458,3.02736,0.263558,-999,0,-999,3144.51
103,3,3,29.8,0,6.93309e-310,1,5000,4.40585,14.2527,5.56852,0.143285,-999,0,-999,1336.88
104,3,3,39.7,0,6.93309e-310,1,5000,5.48104,16.7764,6.66906,0.11964,-999,0,-999,948.34
105,3,3,49.6,0,6.93309e-310,1,5000,6.54034,19.0435,7.69272,0.103719,-999,0,-999,724.271
106,3,3,59.5,0,6.93309e-310,1,5000,7.58669,21.1335,8.65808,0.0921549,-999,0,-999,579.878
107,3,3,69.4,0,6.93309e-310,1,5000,8.62216,23.0861,9.57699,0.0833127,-999,0,-999,479.899
108,3,3,79.3,0,6.93309e-310,1,5000,9.64825,24.928,10.4576,0.0762968,-999,0,-999,407.012
109,3,3,89.2,0,6.93309e-310,1,5000,10.6661,26.6782,11.306,0.070572,-999,0,-999,351.775
110,3,3,99.1,0,6.93309e-310,1,5000,11.6766,28.3618,12.1929,0.0654385,-999,0,-999,306.824
111,3,3,109,0,6.93309e-310,1,5000,12.6805,30.297,13.2751,0.060104,-999,0,-999,263.811
112,3,3,118.9,0,6.93309e-310,1,5000,13.6784,32.1809,14.3497,0.0556027,-999,0,-999,229.766
113,3,3,128.8,0,6.93309e-310,1,5000,14.6708,34.019,15.4176,0.0517516,-999,0,-999,202.297
114,3,3,138.7,0,6.93309e-310,1,5000,15.6581,35.8158,16.4791,0.0484179,-999,0,-999,179.771
115,3,3,148.6,0,6.93309e-310,1,5000,16.6407,37.575,17.5349,0.0455028,-999,0,-999,161.038
116,3,3,158.5,0,6.93309e-310,1,5000,17.6189,39.2998,18.5852,0.0429313,-999,0,-999,145.269
117,3,3,168.4,0,6.93309e-310,1,5000,18.593,40.993,19.6304,0.0406453,-999,0,-999,131.853
118,3,3,178.3,0,6.93309e-310,1,5000,19.5632,42.6569,20.671,0.0385993,-999,0,-999,120.331
119,3,3,188.2,0,6.93309e-310,1,5000,20.5298,44.2937,21.707,0.036757,-999,0,-999,110.354
120,3,3,198.1,0,6.93309e-310,1,5000,21.493,45.9051,22.7389,0.035089,-999,0,-999,101.648
121,3,3,208,0,6.93309e-310,1,5000,22.4528,47.4927,23.7667,0.0335715,-999,0,-999,94.001
122,3,3,217.9,0,6.93309e-310,1,5000,23.4096,49.0581,24.7908,0.0321847,-999,0,-999,87.2424
123,3,3,227.8,0,6.93309e-310,1,5000,24.3634,50.6025,25.8113,0.0309122,-999,0,-999,81.2357
124,3,3,237.7,0,6.93309e-310,1,5000,25.3144,52.1272,26.8283,0.0297404,-999,0,-999,75.8703
125,3,3,247.6,0,6.93309e-310,1,5000,26.2626,53.633,27.8421,0.0286575,-999,0,-999,71.0551
126,3,3,257.5,0,6.93309e-310,1,5000,27.2083,55.1211,28.8526,0.0276538,-999,0,-999,66.7153
127,3,3,267.4,0,6.93309e-310,1,5000,28.1515,56.5923,29.8602,0.0267206,-999,0,-999,62.7883
128,3,3,277.3,0,6.93309e-310,1,5000,29.0923,58.0474,30.8649,0.0258509,-999,0,-999,59.2218
129,3,3,287.2,0,6.93309e-310,1,5000,30.0308,59.4871,31.8668,0.0250381,-999,0,-999,55.9716
130,3,3,297.1,0,6.93309e-310,1,5000,30.967,60.9122,32.866,0.0242769,-999,0,-999,53.0003
131,3,3,307,0,6.93309e-310,1,5000,31.9012,62.3231,33.8626,0.0235624,-999,0,-999,50.2758
132,3,3,316.9,0,6.93309e-310,1,5000,32.8332,63.7529,34.8733,0.0228795,-999,0,-999,47.724
133,3,3,326.8,0,6.93309e-310,1,5000,33.7632,65.3053,35.9071,0.0222208,-999,0,-999,45.248
134,3,3,336.7,0,6.93309e-310,1,5000,34.6913,66.8478,36.9398,0.0215996,-999,0,-999,42.9683
135,3,3,346.6,0,6.93309e-310,1,5000,35.6175,68.3805,37.9711,0.0210129,-999,0,-999,40.8642
136,3,3,356.5,0,6.93309e-310,1,5000,36.5419,69.9039,39.0014,0.0204579,-999,0,-999,38.9178
137,3,3,366.4,0,6.93309e-310,1,5000,37.4645,71.4183,40.0304,0.019932,-999,0,-999,37.1133
138,3,3,376.3,0,6.93309e-310,1,5000,38.3854,72.9239,41.0584,0.0194329,-999,0,-999,35.437
139,3,3,386.2,0,6.93309e-310,1,5000,39.3046,74.4211,42.0852,0.0189588,-999,0,-999,33.8769
140,3,3,396.1,0,6.93309e-310,1,5000,40.2222,75.91,43.111,0.0185077,-999,0,-999,32.4221
141,3,3,406,0,6.93309e-310,1,5000,41.1382,77.391,44.1358,0.018078,-999,0,-999,31.0633
142,3,3,415.9,0,6.93309e-310,1,5000,42.0527,78.8643,45.1595,0.0176681,-999,0,-999,29.792
143,3,3,425.8,0,6.93309e-310,1,5000,42.9656,80.3302,46.1823,0.0172769,-999,0,-999,28.6006
144,3,3,435.7,0,6.93309e-310,1,5000,43.8771,81.7887,47.2041,0.0169029,-999,0,-999,27.4825
145,3,3,445.6,0,6.93309e-310,1,5000,44.7871,83.2401,48.225,0.016545,-999,0,-999,26.4316
146,3,3,455.5,0,6.93309e-310,1,5000,45.6957,84.6847,49.245,0.0162024,-999,0,-999,25.4427
147,3,3,465.4,0,6.93309e-310,1,5000,46.603,86.1225,50.264,0.0158739,-999,0,-999,24.5107
148,3,3,475.3,0,6.93309e-310,1,5000,47.5089,87.5538,51.2822,0.0155587,-999,0,-999,23.6313
149,3,3,485.2,0,6.93309e-310,1,5000,48.4135,88.9787,52.2996,0.015256,-999,0,-999,22.8005
150,3,3,495.1,0,6.93309e-310,1,5000,49.3169,90.3974,53.3161,0.0149652,-999,0,-999,22.0148
151,3,3,505,0,6.93309e-310,1,5000,50.2189,91.81,54.3318,0.0146854,-999,0,-999,21.2708
152,3,3,514.9,0,6.93309e-310,1,5000,51.1198,93.2167,55.3467,0.0144161,-999,0,-999,20.5657
153,3,3,524.8,0,6.93309e-310,1,5000,52.0194,94.6177,56.3608,0.0141567,-999,0,-999,19.8966
154,3,3,534.7,0,6.93309e-310,1,5000,52.9179,96.0129,57.3741,0.0139067,-999,0,-999,19.2612
155,3,3,544.6,0,6.93309e-310,1,5000,53.8152,97.4027,58.3867,0.0136655,-999,0,-999,18.6571
156,3,3,554.5,0,6.93309e-310,1,5000,54.7113,98.787,59.3985,0.0134327,-999,0,-999,18.0823
157,3,3,564.4,0,6.93309e-310,1,5000,55.6064,100.166,60.4096,0.0132079,-999,0,-999,17.5349
158,3,3,574.3,0,6.93309e-310,1,5000,56.5003,101.54,61.42,0.0129906,-999,0,-999,17.0131
159,3,3,584.2,0,6.93309e-310,1,5000,57.3932,102.909,62.4297,0.0127805,-999,0,-999,16.5153
160,3,3,594.1,0,6.93309e-310,1,5000,58.2851,104.273,63.4387,0.0125773,-999,0,-999,16.04
161,3,3,604,0,6.93309e-310,1,5000,59.1759,105.632,64.447,0.0123805,-999,0,-999,15.5859
162,3,3,613.9,0,6.93309e-310,1,5000,60.0656,106.986,65.4546,0.0121899,-999,0,-999,15.1517
163,3,3,623.8,0,6.93309e-310,1,5000,60.9544,108.335,66.4616,0.0120052,-999,0,-999,14.7363
164,3,3,633.7,0,6.93309e-310,1,5000,61.8422,109.68,67.468,0.0118261,-999,0,-999,14.3385
165,3,3,643.6,0,6.93309e-310,1,5000,62.729,111.021,68.4737,0.0116524,-999,0,-999,13.9573
166,3,3,653.5,0,6.93309e-310,1,5000,63.6149,112.357,69.4788,0.0114839,-999,0,-999,13.5918
167,3,3,663.4,0,6.93309e-310,1,5000,64.4999,113.688,70.4832,0.0113202,-999,0,-999,13.2412
168,3,3,673.3,0,6.93309e-310,1,5000,65.3839,115.016,71.4871,0.0111612,-999,0,-999,12.9046
169,3,3,683.2,0,6.93309e-310,1,5000,66.267,116.339,72.4904,0.0110068,-999,0,-999,12.5812
170,3,3,693.1,0,6.93309e-310,1,5000,67.1492,117.658,73.4931,0.0108566,-999,0,-999,12.2704
171,3,3,703,0,6.93309e-310,1,5000,68.0305,118.973,74.4952,0.0107106,-999,0,-999,11.9716
172,3,3,712.9,0,6.93309e-310,1,5000,68.911,120.285,75.4967,0.0105685,-999,0,-999,11.684
173,3,3,722.8,0,6.93309e-310,1,5000,69.7906,121.592,76.4977,0.0104302,-999,0,-999,11.4071
174,3,3,732.7,0,6.93309e-310,1,5000,70.6694,122.895,77.4981,0.0102955,-999,0,-999,11.1405
175,3,3,742.6,0,6.93309e-310,1,5000,71.5474,124.195,78.498,0.0101644,-999,0,-999,10.8835
176,3,3,752.5,0,6.93309e-310,1,5000,72.4245,125.491,79.4973,0.0100366,-999,0,-999,10.6357
177,3,3,762.4,0,6.93309e-310,1,5000,73.3008,126.783,80.4961,0.00991209,-999,0,-999,10.3966
178,3,3,772.3,0,6.93309e-310,1,5000,74.1764,128.072,81.4944,0.00979067,-999,0,-999,10.1659
179,3,3,782.2,0,6.93309e-310,1,5000,75.0511,129.357,82.4921,0.00967225,-999,0,-999,9.94321
180,3,3,792.1,0,6.93309e-310,1,5000,75.9251,130.639,83.4894,0.00955672,-999,0,-999,9.72806
181,3,3,802,0,6.93309e-310,1,5000,76.7983,131.917,84.4861,0.00944397,-999,0,-999,9.52014
182,3,3,811.9,0,6.93309e-310,1,5000,77.6707,133.192,85.4824,0.00933391,-999,0,-999,9.31913
183,3,3,821.8,0,6.93309e-310,1,5000,78.5424,134.463,86.4781,0.00922643,-999,0,-999,9.12471
184,3,3,831.7,0,6.93309e-310,1,5000,79.4134,135.731,87.4734,0.00912145,-999,0,-999,8.9366
185,3,3,841.6,0,6.93309e-310,1,5000,80.2837,136.996,88.4682,0.00901888,-999,0,-999,8.75452
186,3,3,851.5,0,6.93309e-310,1,5000,81.1532,138.258,89.4625,0.00891864,-999,0,-999,8.57821
187,3,3,861.4,0,6.93309e-310,1,5000,82.022,139.517,90.4564,0.00882065,-999,0,-999,8.40742
188,3,3,871.3,0,6.93309e-310,1,5000,82.8902,140.772,91.4498,0.00872484,-999,0,-999,8.24192
189,3,3,881.2,0,6.93309e-310,1,5000,83.7576,142.025,92.4427,0.00863112,-999,0,-999,8.08149
190,3,3,891.1,0,6.93309e-310,1,5000,84.6244,143.275,93.4352,0.00853944,-999,0,-999,7.92591
191,3,3,901,0,6.93309e-310,1,5000,85.4904,144.521,94.4272,0.00844973,-999,0,-999,7.775
192,3,3,910.9,0,6.93309e-310,1,5000,86.3559,145.765,95.4188,0.00836192,-999,0,-999,7.62856
193,3,3,920.8,0,6.93309e-310,1,5000,87.2206,147.005,96.41,0.00827595,-999,0,-999,7.48641
194,3,3,930.7,0,6.93309e-310,1,5000,88.0847,148.243,97.4007,0.00819177,-999,0,-999,7.34839
195,3,3,940.6,0,6.93309e-310,1,5000,88.9482,149.478,98.391,0.00810932,-999,0,-999,7.21432
196,3,3,950.5,0,6.93309e-310,1,5000,89.811,150.71,99.3809,0.00802855,-999,0,-999,7.08407
197,3,3,960.4,0,6.93309e-310,1,5000,90.6732,151.94,100.37,0.0079494,-999,0,-999,6.95747
198,3,3,970.3,0,6.93309e-310,1,5000,91.5348,153.167,101.359,0.00787183,-999,0,-999,6.8344
199,3,3,980.2,0,6.93309e-310,1,5000,92.3958,154.391,102.348,0.00779579,-999,0,-999,6.71472
200,3,3,990.1,0,6.93309e-310,1,5000,93.2561,155.612,103.336,0.00772124,-999,0,-999,6.59831
201,3,3,1000,0,6.93309e-310,1,5000,94.1159,156.856,104.358,0.00764565,-999,0,-999,6.48191
202,3,3,10,0,6.93309e-310,2,5000,6.07669,9.70396,2.0274,0.39355,-999,0,-999,5393.12
203,3,3,19.9,0,6.93309e-310,2,5000,7.12843,13.0128,4.47429,0.178326,-999,0,-999,1822.36
204,3,3,29.8,0,6.93309e-310,2,5000,8.16848,15.7682,6.18097,0.129087,-999,0,-999,1088.65
205,3,3,39.7,0,6.93309e-310,2,5000,9.19853,18.1259,7.23661,0.110257,-999,0,-999,808.897
206,3,3,49.6,0,6.93309e-310,2,5000,10.2199,20.2836,8.22663,0.096988,-999,0,-999,635.861
207,3,3,59.5,0,6.93309e-310,2,5000,11.2335,22.2894,9.16542,0.0870538,-999,0,-999,519.371
208,3,3,69.4,0,6.93309e-310,2,5000,12.2402,24.1747,10.0626,0.0792923,-999,0,-999,436.173
209,3,3,79.3,0,6.93309e-310,2,5000,13.2407,25.9611,10.9249,0.0730334,-999,0,-999,374.1
210,3,3,89.2,0,6.93309e-310,2,5000,14.2354,27.6643,11.7575,0.0678615,-999,0,-999,326.207
211,3,3,99.1,0,6.93309e-310,2,5000,15.2249,29.4994,12.7853,0.0624066,-999,0,-999,281.324
212,3,3,109,0,6.93309e-310,2,5000,16.2095,31.4039,13.8632,0.057554,-999,0,-999,243.714
213,3,3,118.9,0,6.93309e-310,2,5000,17.1896,33.2605,14.9341,0.053427,-999,0,-999,213.61
214,3,3,128.8,0,6.93309e-310,2,5000,18.1655,35.0739,15.9984,0.0498726,-999,0,-999,189.089
215,3,3,138.7,0,6.93309e-310,2,5000,19.1374,36.8483,17.0568,0.0467782,-999,0,-999,168.816
216,3,3,148.6,0,6.93309e-310,2,5000,20.1056,38.5871,18.1095,0.0440589,-999,0,-999,151.838
217,3,3,158.5,0,6.93309e-310,2,5000,21.0702,40.2931,19.157,0.0416498,-999,0,-999,137.458
218,3,3,168.4,0,6.93309e-310,2,5000,22.0315,41.9689,20.1996,0.0395,-999,0,-999,125.158
219,3,3,178.3,0,6.93309e-310,2,5000,22.9896,43.6167,21.2377,0.0375693,-999,0,-999,114.543
220,3,3,188.2,0,6.93309e-310,2,5000,23.9447,45.2384,22.2714,0.0358255,-999,0,-999,105.311
221,3,3,198.1,0,6.93309e-310,2,5000,24.8969,46.8358,23.3011,0.0342424,-999,0,-999,97.2245
222,3,3,208,0,6.93309e-310,2,5000,25.8464,48.4102,24.3268,0.0327985,-999,0,-999,90.0961
223,3,3,217.9,0,6.93309e-310,2,5000,26.7932,49.9632,25.3489,0.0314761,-999,0,-999,83.7759
224,3,3,227.8,0,6.93309e-310,2,5000,27.7374,51.4959,26.3675,0.0302602,-999,0,-999,78.1425
225,3,3,237.7,0,6.93309e-310,2,5000,28.6793,53.0095,27.3827,0.0291383,-999,0,-999,73.0969
226,3,3,247.6,0,6.93309e-310,2,5000,29.6187,54.5048,28.3947,0.0280998,-999,0,-999,68.5577
227,3,3,257.5,0,6.93309e-310,2,5000,30.556,55.9829,29.4036,0.0271356,-999,0,-999,64.4573
228,3,3,267.4,0,6.93309e-310,2,5000,31.491,57.4446,30.4096,0.0262379,-999,0,-999,60.7391
229,3,3,277.3,0,6.93309e-310,2,5000,32.424,58.8907,31.4128,0.0254,-999,0,-999,57.3557
230,3,3,287.2,0,6.93309e-310,2,5000,33.3549,60.3217,32.4132,0.0246161,-999,0,-999,54.2667
231,3,3,297.1,0,6.93309e-310,2,5000,34.2838,61.7385,33.411,0.0238809,-999,0,-999,51.438
232,3,3,307,0,6.93309e-310,2,5000,35.2108,63.1415,34.4062,0.0231901,-999,0,-999,48.8402
233,3,3,316.9,0,6.93309e-310,2,5000,36.136,64.6615,35.4384,0.0225147,-999,0,-999,46.303
234,3,3,326.8,0,6.93309e-310,2,5000,37.0594,66.208,36.4716,0.0218769,-999,0,-999,43.9404
235,3,3,336.7,0,6.93309e-310,2,5000,37.9811,67.7447,37.5035,0.0212749,-999,0,-999,41.762
236,3,3,346.6,0,6.93309e-310,2,5000,38.901,69.272,38.5343,0.0207058,-999,0,-999,39.7488
237,3,3,356.5,0,6.93309e-310,2,5000,39.8193,70.7901,39.5639,0.020167,-999,0,-999,37.8842
238,3,3,366.4,0,6.93309e-310,2,5000,40.736,72.2993,40.5923,0.0196561,-999,0,-999,36.1536
239,3,3,376.3,0,6.93309e-310,2,5000,41.6511,73.7999,41.6196,0.0191709,-999,0,-999,34.5442
240,3,3,386.2,0,6.93309e-310,2,5000,42.5647,75.2923,42.6459,0.0187095,-999,0,-999,33.0446
241,3,3,396.1,0,6.93309e-310,2,5000,43.4768,76.7766,43.6711,0.0182703,-999,0,-999,31.645
242,3,3,406,0,6.93309e-310,2,5000,44.3875,78.253,44.6953,0.0178516,-999,0,-999,30.3365
243,3,3,415.9,0,6.93309e-310,2,5000,45.2967,79.7219,45.7186,0.0174521,-999,0,-999,29.1111
244,3,3,425.8,0,6.93309e-310,2,5000,46.2046,81.1835,46.7408,0.0170704,-999,0,-999,27.9618
245,3,3,435.7,0,6.93309e-310,2,5000,47.1111,82.6378,47.7621,0.0167054,-999,0,-999,26.8823
246,3,3,445.6,0,6.93309e-310,2,5000,48.0163,84.0852,48.7825,0.016356,-999,0,-999,25.867
247,3,3,455.5,0,6.93309e-310,2,5000,48.9201,85.5258,49.802,0.0160211,-999,0,-999,24.9107
248,3,3,465.4,0,6.93309e-310,2,5000,49.8228,86.9598,50.8206,0.0157,-999,0,-999,24.0088
249,3,3,475.3,0,6.93309e-310,2,5000,50.7241,88.3873,51.8383,0.0153918,-999,0,-999,23.1573
250,3,3,485.2,0,6.93309e-310,2,5000,51.6243,89.8086,52.8552,0.0150957,-999,0,-999,22.3524
251,3,3,495.1,0,6.93309e-310,2,5000,52.5233,91.2237,53.8713,0.014811,-999,0,-999,21.5906
252,3,3,505,0,6.93309e-310,2,5000,53.4211,92.6329,54.8865,0.014537,-999,0,-999,20.8688
253,3,3,514.9,0,6.93309e-310,2,5000,54.3178,94.0362,55.901,0.0142732,-999,0,-999,20.1843
254,3,3,524.8,0,6.93309e-310,2,5000,55.2133,95.4338,56.9146,0.014019,-999,0,-999,19.5345
255,3,3,534.7,0,6.93309e-310,2,5000,56.1077,96.8258,57.9275,0.0137738,-999,0,-999,18.917
256,3,3,544.6,0,6.93309e-310,2,5000,57.0011,98.2124,58.9397,0.0135373,-999,0,-999,18.3297
257,3,3,554.5,0,6.93309e-310,2,5000,57.8934,99.5936,59.9511,0.0133089,-999,0,-999,17.7705
258,3,3,564.4,0,6.93309e-310,2,5000,58.7846,100.97,60.9619,0.0130883,-999,0,-999,17.2377
259,3,3,574.3,0,6.93309e-310,2,5000,59.6748,102.341,61.9719,0.012875,-999,0,-999,16.7296
260,3,3,584.2,0,6.93309e-310,2,5000,60.5641,103.706,62.9812,0.0126686,-999,0,-999,16.2447
261,3,3,594.1,0,6.93309e-310,2,5000,61.4523,105.067,63.9898,0.0124689,-999,0,-999,15.7816
262,3,3,604,0,6.93309e-310,2,5000,62.3395,106.424,64.9977,0.0122756,-999,0,-999,15.3389
263,3,3,613.9,0,6.93309e-310,2,5000,63.2258,107.775,66.005,0.0120882,-999,0,-999,14.9154
264,3,3,623.8,0,6.93309e-310,2,5000,64.1112,109.122,67.0117,0.0119067,-999,0,-999,14.51
265,3,3,633.7,0,6.93309e-310,2,5000,64.9956,110.464,68.0177,0.0117306,-999,0,-999,14.1217
266,3,3,643.6,0,6.93309e-310,2,5000,65.8791,111.802,69.023,0.0115597,-999,0,-999,13.7494
267,3,3,653.5,0,6.93309e-310,2,5000,66.7617,113.136,70.0278,0.0113938,-999,0,-999,13.3924
268,3,3,663.4,0,6.93309e-310,2,5000,67.6434,114.465,71.0319,0.0112328,-999,0,-999,13.0498
269,3,3,673.3,0,6.93309e-310,2,5000,68.5243,115.79,72.0354,0.0110763,-999,0,-999,12.7207
270,3,3,683.2,0,6.93309e-310,2,5000,69.4043,117.111,73.0384,0.0109242,-999,0,-999,12.4046
271,3,3,693.1,0,6.93309e-310,2,5000,70.2834,118.427,74.0408,0.0107763,-999,0,-999,12.1006
272,3,3,703,0,6.93309e-310,2,5000,71.1618,119.74,75.0426,0.0106324,-999,0,-999,11.8081
273,3,3,712.9,0,6.93309e-310,2,5000,72.0392,121.049,76.0438,0.0104924,-999,0,-999,11.5267
274,3,3,722.8,0,6.93309e-310,2,5000,72.9159,122.354,77.0445,0.0103562,-999,0,-999,11.2556
275,3,3,732.7,0,6.93309e-310,2,5000,73.7918,123.655,78.0446,0.0102234,-999,0,-999,10.9945
276,3,3,742.6,0,6.93309e-310,2,5000,74.6669,124.953,79.0441,0.0100942,-999,0,-999,10.7427
277,3,3,752.5,0,6.93309e-310,2,5000,75.5412,126.247,80.0432,0.00996818,-999,0,-999,10.4999
278,3,3,762.4,0,6.93309e-310,2,5000,76.4147,127.537,81.0417,0.00984536,-999,0,-999,10.2656
279,3,3,772.3,0,6.93309e-310,2,5000,77.2875,128.823,82.0397,0.00972559,-999,0,-999,10.0395
280,3,3,782.2,0,6.93309e-310,2,5000,78.1596,130.106,83.0372,0.00960876,-999,0,-999,9.82104
281,3,3,792.1,0,6.93309e-310,2,5000,79.0309,131.386,84.0342,0.00949476,-999,0,-999,9.61001
282,3,3,802,0,6.93309e-310,2,5000,79.9014,132.662,85.0306,0.0093835,-999,0,-999,9.40602
283,3,3,811.9,0,6.93309e-310,2,5000,80.7713,133.935,86.0266,0.00927486,-999,0,-999,9.20876
284,3,3,821.8,0,6.93309e-310,2,5000,81.6404,135.205,87.0221,0.00916876,-999,0,-999,9.01794
285,3,3,831.7,0,6.93309e-310,2,5000,82.5088,136.471,88.0171,0.00906511,-999,0,-999,8.83326
286,3,3,841.6,0,6.93309e-310,2,5000,83.3766,137.734,89.0117,0.00896382,-999,0,-999,8.65446
287,3,3,851.5,0,6.93309e-310,2,5000,84.2436,138.994,90.0057,0.00886482,-999,0,-999,8.48129
288,3,3,861.4,0,6.93309e-310,2,5000,85.11,140.251,90.9993,0.00876803,-999,0,-999,8.31351
289,3,3,871.3,0,6.93309e-310,2,5000,85.9757,141.505,91.9925,0.00867337,-999,0,-999,8.15089
290,3,3,881.2,0,6.93309e-310,2,5000,86.8408,142.756,92.9852,0.00858077,-999,0,-999,7.99322
291,3,3,891.1,0,6.93309e-310,2,5000,87.7052,144.003,93.9774,0.00849018,-999,0,-999,7.8403
292,3,3,901,0,6.93309e-310,2,5000,88.5689,145.248,94.9692,0.00840151,-999,0,-999,7.69193
293,3,3,910.9,0,6.93309e-310,2,5000,89.432,146.49,95.9606,0.00831471,-999,0,-999,7.54793
294,3,3,920.8,0,6.93309e-310,2,5000,90.2945,147.729,96.9515,0.00822973,-999,0,-999,7.40813
295,3,3,930.7,0,6.93309e-310,2,5000,91.1563,148.965,97.942,0.0081465,-999,0,-999,7.27235
296,3,3,940.6,0,6.93309e-310,2,5000,92.0176,150.199,98.9321,0.00806498,-999,0,-999,7.14045
297,3,3,950.5,0,6.93309e-310,2,5000,92.8782,151.429,99.9217,0.0079851,-999,0,-999,7.01228
298,3,3,960.4,0,6.93309e-310,2,5000,93.7382,152.657,100.911,0.00790682,-999,0,-999,6.88769
299,3,3,970.3,0,6.93309e-310,2,5000,94.5976,153.882,101.9,0.00783009,-999,0,-999,6.76654
300,3,3,980.2,0,6.93309e-310,2,5000,95.4564,155.105,102.888,0.00775487,-999,0,-999,6.64872
301,3,3,990.1,0,6.93309e-310,2,5000,96.3147,156.325,103.876,0.00768111,-999,0,-999,6.53409
302,3,3,1000,0,6.93309e-310,2,5000,97.1723,157.683,104.954,0.00760225,-999,0,-999,6.41131
303,3,3,10,0,6.93309e-310,3,5000,11.0254,13.3191,2.89487,0.27562,-999,0,-999,2751.86
304,3,3,19.9,0,6.93309e-310,3,5000,12.0335,16.0166,5.50453,0.14495,-999,0,-999,1203.48
305,3,3,29.8,0,6.93309e-310,3,5000,13.0352,18.3512,6.61012,0.120707,-999,0,-999,874.692
306,3,3,39.7,0,6.93309e-310,3,5000,14.0311,20.4918,7.63748,0.10447,-999,0,-999,677.953
307,3,3,49.6,0,6.93309e-310,3,5000,15.0217,22.4843,8.60572,0.0927156,-999,0,-999,548.357
308,3,3,59.5,0,6.93309e-310,3,5000,16.0073,24.3587,9.52697,0.0837501,-999,0,-999,457.214
309,3,3,69.4,0,6.93309e-310,3,5000,16.9883,26.1361,10.4096,0.0766491,-999,0,-999,389.992
310,3,3,79.3,0,6.93309e-310,3,5000,17.965,27.8316,11.2596,0.0708628,-999,0,-999,338.586
311,3,3,89.2,0,6.93309e-310,3,5000,18.9377,29.6935,12.1325,0.0657643,-999,0,-999,294.522
312,3,3,99.1,0,6.93309e-310,3,5000,19.9066,31.5929,13.2151,0.0603767,-999,0,-999,254.137
313,3,3,109,0,6.93309e-310,3,5000,20.8719,33.4449,14.2902,0.0558344,-999,0,-999,222.004
314,3,3,118.9,0,6.93309e-310,3,5000,21.8339,35.2543,15.3584,0.0519511,-999,0,-999,195.962
315,3,3,128.8,0,6.93309e-310,3,5000,22.7927,37.0249,16.4203,0.0485914,-999,0,-999,174.524
316,3,3,138.7,0,6.93309e-310,3,5000,23.7484,38.7603,17.4763,0.0456552,-999,0,-999,156.636
317,3,3,148.6,0,6.93309e-310,3,5000,24.7011,40.4631,18.5269,0.0430662,-999,0,-999,141.536
318,3,3,158.5,0,6.93309e-310,3,5000,25.6511,42.136,19.5724,0.0407657,-999,0,-999,128.656
319,3,3,168.4,0,6.93309e-310,3,5000,26.5985,43.7811,20.6132,0.0387074,-999,0,-999,117.57
320,3,3,178.3,0,6.93309e-310,3,5000,27.5433,45.4003,21.6495,0.0368546,-999,0,-999,107.95
321,3,3,188.2,0,6.93309e-310,3,5000,28.4856,46.9953,22.6816,0.0351776,-999,0,-999,99.5407
322,3,3,198.1,0,6.93309e-310,3,5000,29.4255,48.5675,23.7097,0.0336523,-999,0,-999,92.1418
323,3,3,208,0,6.93309e-310,3,5000,30.3632,50.1184,24.734,0.0322587,-999,0,-999,85.5929
324,3,3,217.9,0,6.93309e-310,3,5000,31.2987,51.6492,25.7546,0.0309802,-999,0,-999,79.7646
325,3,3,227.8,0,6.93309e-310,3,5000,32.2321,53.1608,26.7719,0.0298031,-999,0,-999,74.5519
326,3,3,237.7,0,6.93309e-310,3,5000,33.1634,54.6544,27.7858,0.0287156,-999,0,-999,69.8684
327,3,3,247.6,0,6.93309e-310,3,5000,34.0928,56.1308,28.7965,0.0277076,-999,0,-999,65.6428
328,3,3,257.5,0,6.93309e-310,3,5000,35.0202,57.5909,29.8043,0.0267708,-999,0,-999,61.8153
329,3,3,267.4,0,6.93309e-310,3,5000,35.9457,59.0354,30.8091,0.0258977,-999,0,-999,58.336
330,3,3,277.3,0,6.93309e-310,3,5000,36.8695,60.465,31.8112,0.0250819,-999,0,-999,55.1627
331,3,3,287.2,0,6.93309e-310,3,5000,37.7915,61.8803,32.8105,0.0243179,-999,0,-999,52.2592
332,3,3,297.1,0,6.93309e-310,3,5000,38.7118,63.2821,33.8073,0.023601,-999,0,-999,49.595
333,3,3,307,0,6.93309e-310,3,5000,39.6304,64.8176,34.8158,0.0229173,-999,0,-999,47.0176
334,3,3,316.9,0,6.93309e-310,3,5000,40.5474,66.3632,35.8497,0.0222564,-999,0,-999,44.5981
335,3,3,326.8,0,6.93309e-310,3,5000,41.4629,67.8989,36.8824,0.0216332,-999,0,-999,42.3689
336,3,3,336.7,0,6.93309e-310,3,5000,42.3768,69.4252,37.9138,0.0210447,-999,0,-999,40.3101
337,3,3,346.6,0,6.93309e-310,3,5000,43.2892,70.9424,38.9441,0.0204879,-999,0,-999,38.4044
338,3,3,356.5,0,6.93309e-310,3,5000,44.2001,72.4507,39.9732,0.0199605,-999,0,-999,36.6367
339,3,3,366.4,0,6.93309e-310,3,5000,45.1097,73.9505,41.0012,0.01946,-999,0,-999,34.9938
340,3,3,376.3,0,6.93309e-310,3,5000,46.0178,75.4421,42.0281,0.0189845,-999,0,-999,33.4638
341,3,3,386.2,0,6.93309e-310,3,5000,46.9246,76.9256,43.054,0.0185322,-999,0,-999,32.0365
342,3,3,396.1,0,6.93309e-310,3,5000,47.83,78.4013,44.0788,0.0181013,-999,0,-999,30.7026
343,3,3,406,0,6.93309e-310,3,5000,48.7342,79.8694,45.1026,0.0176904,-999,0,-999,29.4542
344,3,3,415.9,0,6.93309e-310,3,5000,49.6371,81.3302,46.1255,0.0172981,-999,0,-999,28.2837
345,3,3,425.8,0,6.93309e-310,3,5000,50.5387,82.7838,47.1473,0.0169232,-999,0,-999,27.1848
346,3,3,435.7,0,6.93309e-310,3,5000,51.4391,84.2305,48.1683,0.0165645,-999,0,-999,26.1516
347,3,3,445.6,0,6.93309e-310,3,5000,52.3383,85.6705,49.1883,0.016221,-999,0,-999,25.1789
348,3,3,455.5,0,6.93309e-310,3,5000,53.2364,87.1038,50.2074,0.0158918,-999,0,-999,24.2619
349,3,3,465.4,0,6.93309e-310,3,5000,54.1333,88.5307,51.2257,0.0155759,-999,0,-999,23.3963
350,3,3,475.3,0,6.93309e-310,3,5000,55.029,89.9514,52.243,0.0152726,-999,0,-999,22.5784
351,3,3,485.2,0,6.93309e-310,3,5000,55.9237,91.3659,53.2596,0.014981,-999,0,-999,21.8045
352,3,3,495.1,0,6.93309e-310,3,5000,56.8173,92.7744,54.2753,0.0147007,-999,0,-999,21.0716
353,3,3,505,0,6.93309e-310,3,5000,57.7098,94.1772,55.2903,0.0144308,-999,0,-999,20.3767
354,3,3,514.9,0,6.93309e-310,3,5000,58.6013,95.5742,56.3044,0.0141709,-999,0,-999,19.7172
355,3,3,524.8,0,6.93309e-310,3,5000,59.4917,96.9657,57.3178,0.0139204,-999,0,-999,19.0907
356,3,3,534.7,0,6.93309e-310,3,5000,60.3811,98.3517,58.3304,0.0136787,-999,0,-999,18.4949
357,3,3,544.6,0,6.93309e-310,3,5000,61.2695,99.7324,59.3423,0.0134455,-999,0,-999,17.9279
358,3,3,554.5,0,6.93309e-310,3,5000,62.157,101.108,60.3534,0.0132202,-999,0,-999,17.3877
359,3,3,564.4,0,6.93309e-310,3,5000,63.0435,102.478,61.3638,0.0130025,-999,0,-999,16.8727
360,3,3,574.3,0,6.93309e-310,3,5000,63.929,103.844,62.3736,0.012792,-999,0,-999,16.3813
361,3,3,584.2,0,6.93309e-310,3,5000,64.8136,105.204,63.3826,0.0125884,-999,0,-999,15.912
362,3,3,594.1,0,6.93309e-310,3,5000,65.6973,106.56,64.3909,0.0123913,-999,0,-999,15.4636
363,3,3,604,0,6.93309e-310,3,5000,66.5801,107.911,65.3986,0.0122003,-999,0,-999,15.0347
364,3,3,613.9,0,6.93309e-310,3,5000,67.462,109.257,66.4057,0.0120153,-999,0,-999,14.6243
365,3,3,623.8,0,6.93309e-310,3,5000,68.3431,110.599,67.412,0.0118359,-999,0,-999,14.2311
366,3,3,633.7,0,6.93309e-310,3,5000,69.2232,111.936,68.4178,0.0116619,-999,0,-999,13.8544
367,3,3,643.6,0,6.93309e-310,3,5000,70.1025,113.27,69.4229,0.0114931,-999,0,-999,13.4931
368,3,3,653.5,0,6.93309e-310,3,5000,70.981,114.598,70.4274,0.0113292,-999,0,-999,13.1465
369,3,3,663.4,0,6.93309e-310,3,5000,71.8587,115.923,71.4313,0.01117,-999,0,-999,12.8136
370,3,3,673.3,0,6.93309e-310,3,5000,72.7355,117.243,72.4346,0.0110152,-999,0,-999,12.4938
371,3,3,683.2,0,6.93309e-310,3,5000,73.6116,118.56,73.4373,0.0108648,-999,0,-999,12.1864
372,3,3,693.1,0,6.93309e-310,3,5000,74.4868,119.872,74.4395,0.0107186,-999,0,-999,11.8907
373,3,3,703,0,6.93309e-310,3,5000,75.3613,121.181,75.441,0.0105763,-999,0,-999,11.6062
374,3,3,712.9,0,6.93309e-310,3,5000,76.235,122.485,76.442,0.0104378,-999,0,-999,11.3322
375,3,3,722.8,0,6.93309e-310,3,5000,77.1079,123.786,77.4425,0.0103029,-999,0,-999,11.0682
376,3,3,732.7,0,6.93309e-310,3,5000,77.9801,125.083,78.4424,0.0101716,-999,0,-999,10.8138
377,3,3,742.6,0,6.93309e-310,3,5000,78.8516,126.377,79.4418,0.0100436,-999,0,-999,10.5685
378,3,3,752.5,0,6.93309e-310,3,5000,79.7223,127.666,80.4406,0.00991893,-999,0,-999,10.3318
379,3,3,762.4,0,6.93309e-310,3,5000,80.5923,128.953,81.4389,0.00979734,-999,0,-999,10.1034
380,3,3,772.3,0,6.93309e-310,3,5000,81.4616,130.235,82.4367,0.00967876,-999,0,-999,9.88279
381,3,3,782.2,0,6.93309e-310,3,5000,82.3301,131.515,83.434,0.00956307,-999,0,-999,9.66967
382,3,3,792.1,0,6.93309e-310,3,5000,83.198,132.791,84.4307,0.00945017,-999,0,-999,9.4637
383,3,3,802,0,6.93309e-310,3,5000,84.0652,134.063,85.427,0.00933996,-999,0,-999,9.26455
384,3,3,811.9,0,6.93309e-310,3,5000,84.9317,135.332,86.4228,0.00923234,-999,0,-999,9.07191
385,3,3,821.8,0,6.93309e-310,3,5000,85.7976,136.598,87.4181,0.00912722,-999,0,-999,8.8855
386,3,3,831.7,0,6.93309e-310,3,5000,86.6628,137.861,88.4129,0.00902452,-999,0,-999,8.70504
387,3,3,841.6,0,6.93309e-310,3,5000,87.5273,139.121,89.4073,0.00892416,-999,0,-999,8.53029
388,3,3,851.5,0,6.93309e-310,3,5000,88.3912,140.377,90.4012,0.00882604,-999,0,-999,8.36099
389,3,3,861.4,0,6.93309e-310,3,5000,89.2544,141.631,91.3946,0.00873011,-999,0,-999,8.19691
390,3,3,871.3,0,6.93309e-310,3,5000,90.117,142.881,92.3875,0.00863628,-999,0,-999,8.03785
391,3,3,881.2,0,6.93309e-310,3,5000,90.979,144.129,93.38,0.00854449,-999,0,-999,7.88359
392,3,3,891.1,0,6.93309e-310,3,5000,91.8404,145.373,94.3721,0.00845467,-999,0,-999,7.73393
393,3,3,901,0,6.93309e-310,3,5000,92.7011,146.615,95.3637,0.00836675,-999,0,-999,7.5887
394,3,3,910.9,0,6.93309e-310,3,5000,93.5612,147.854,96.3549,0.00828068,-999,0,-999,7.44771
395,3,3,920.8,0,6.93309e-310,3,5000,94.4208,149.09,97.3457,0.0081964,-999,0,-999,7.3108
396,3,3,930.7,0,6.93309e-310,3,5000,95.2797,150.323,98.336,0.00811386,-999,0,-999,7.17781
397,3,3,940.6,0,6.93309e-310,3,5000,96.1381,151.553,99.3259,0.008033,-999,0,-999,7.04858
398,3,3,950.5,0,6.93309e-310,3,5000,96.9958,152.781,100.315,0.00795376,-999,0,-999,6.92298
399,3,3,960.4,0,6.93309e-310,3,5000,97.853,154.006,101.304,0.0078761,-999,0,-999,6.80086
400,3,3,970.3,0,6.93309e-310,3,5000,98.7097,155.228,102.293,0.00779998,-999,0,-999,6.6821
401,3,3,980.2,0,6.93309e-310,3,5000,99.5657,156.447,103.281,0.00772534,-999,0,-999,6.56657
402,3,3,990.1,0,6.93309e-310,3,5000,100.421,157.825,104.297,0.00765009,-999,0,-999,6.44583
403,3,3,1000,0,6.93309e-310,3,5000,101.276,159.239,105.388,0.00757096,-999,0,-999,6.32251
404,3,3,10,0,6.93309e-310,4,5000,20.9747,22.0306,4.42801,0.18019,-999,0,-999,1087.66
405,3,3,19.9,0,6.93309e-310,4,5000,21.9364,23.9305,6.16335,0.129456,-999,0,-999,719.384
406,3,3,29.8,0,6.93309e-310,4,5000,22.8948,25.729,7.2202,0.110507,-999,0,-999,571.159
407,3,3,39.7,0,6.93309e-310,4,5000,23.8502,27.4425,8.21115,0.0971709,-999,0,-999,470.871
408,3,3,49.6,0,6.93309e-310,4,5000,24.8026,29.2426,9.15067,0.0871941,-999,0,-999,396.515
409,3,3,59.5,0,6.93309e-310,4,5000,25.7524,31.1539,10.0484,0.0794038,-999,0,-999,338.936
410,3,3,69.4,0,6.93309e-310,4,5000,26.6994,33.0166,10.9113,0.0731246,-999,0,-999,294.524
411,3,3,79.3,0,6.93309e-310,4,5000,27.6439,34.8355,11.7444,0.0679376,-999,0,-999,259.345
412,3,3,89.2,0,6.93309e-310,4,5000,28.586,36.6149,12.7679,0.0624917,-999,0,-999,226.962
413,3,3,99.1,0,6.93309e-310,4,5000,29.5257,38.3582,13.846,0.0576258,-999,0,-999,199.778
414,3,3,109,0,6.93309e-310,4,5000,30.4632,40.0684,14.9169,0.0534885,-999,0,-999,177.52
415,3,3,118.9,0,6.93309e-310,4,5000,31.3984,41.7481,15.9814,0.0499259,-999,0,-999,159.03
416,3,3,128.8,0,6.93309e-310,4,5000,32.3316,43.3995,17.0398,0.0468248,-999,0,-999,143.476
417,3,3,138.7,0,6.93309e-310,4,5000,33.2627,45.0245,18.0926,0.0441001,-999,0,-999,130.25
418,3,3,148.6,0,6.93309e-310,4,5000,34.1918,46.625,19.1402,0.0416864,-999,0,-999,118.895
419,3,3,158.5,0,6.93309e-310,4,5000,35.119,48.2025,20.1829,0.0395327,-999,0,-999,109.063
420,3,3,168.4,0,6.93309e-310,4,5000,36.0444,49.7582,21.221,0.0375988,-999,0,-999,100.484
421,3,3,178.3,0,6.93309e-310,4,5000,36.9679,51.2936,22.2548,0.0358522,-999,0,-999,92.9484
422,3,3,188.2,0,6.93309e-310,4,5000,37.8898,52.8096,23.2845,0.0342667,-999,0,-999,86.2876
423,3,3,198.1,0,6.93309e-310,4,5000,38.8099,54.3073,24.3104,0.0328208,-999,0,-999,80.3673
424,3,3,208,0,6.93309e-310,4,5000,39.7283,55.7877,25.3325,0.0314965,-999,0,-999,75.078
425,3,3,217.9,0,6.93309e-310,4,5000,40.6452,57.2515,26.3511,0.030279,-999,0,-999,70.3304
426,3,3,227.8,0,6.93309e-310,4,5000,41.5604,58.6995,27.3664,0.0291556,-999,0,-999,66.0506
427,3,3,237.7,0,6.93309e-310,4,5000,42.4742,60.1325,28.3785,0.0281159,-999,0,-999,62.1771
428,3,3,247.6,0,6.93309e-310,4,5000,43.3865,61.5512,29.3874,0.0271505,-999,0,-999,58.6585
429,3,3,257.5,0,6.93309e-310,4,5000,44.2973,62.956,30.3935,0.0262518,-999,0,-999,55.4513
430,3,3,267.4,0,6.93309e-310,4,5000,45.2066,64.4554,31.3967,0.025413,-999,0,-999,52.4308
431,3,3,277.3,0,6.93309e-310,4,5000,46.1146,66.0032,32.3971,0.0246283,-999,0,-999,49.6201
432,3,3,287.2,0,6.93309e-310,4,5000,47.0213,67.5412,33.3949,0.0238924,-999,0,-999,47.0413
433,3,3,297.1,0,6.93309e-310,4,5000,47.9266,69.0697,34.3902,0.0232009,-999,0,-999,44.669
434,3,3,307,0,6.93309e-310,4,5000,48.8306,70.589,35.4218,0.0225252,-999,0,-999,42.4347
435,3,3,316.9,0,6.93309e-310,4,5000,49.7333,72.0994,36.455,0.0218868,-999,0,-999,40.3683
436,3,3,326.8,0,6.93309e-310,4,5000,50.6348,73.6012,37.487,0.0212843,-999,0,-999,38.456
437,3,3,336.7,0,6.93309e-310,4,5000,51.5351,75.0946,38.5177,0.0207147,-999,0,-999,36.6826
438,3,3,346.6,0,6.93309e-310,4,5000,52.4342,76.5799,39.5473,0.0201754,-999,0,-999,35.0346
439,3,3,356.5,0,6.93309e-310,4,5000,53.3321,78.0574,40.5758,0.0196641,-999,0,-999,33.5002
440,3,3,366.4,0,6.93309e-310,4,5000,54.2289,79.5273,41.6031,0.0191785,-999,0,-999,32.0691
441,3,3,376.3,0,6.93309e-310,4,5000,55.1246,80.9898,42.6294,0.0187168,-999,0,-999,30.7319
442,3,3,386.2,0,6.93309e-310,4,5000,56.0191,82.4451,43.6547,0.0182772,-999,0,-999,29.4804
443,3,3,396.1,0,6.93309e-310,4,5000,56.9126,83.8934,44.6789,0.0178582,-999,0,-999,28.3073
444,3,3,406,0,6.93309e-310,4,5000,57.805,85.3349,45.7021,0.0174584,-999,0,-999,27.2061
445,3,3,415.9,0,6.93309e-310,4,5000,58.6963,86.7698,46.7244,0.0170764,-999,0,-999,26.1708
446,3,3,425.8,0,6.93309e-310,4,5000,59.5866,88.1982,47.7457,0.0167111,-999,0,-999,25.1962
447,3,3,435.7,0,6.93309e-310,4,5000,60.476,89.6203,48.7661,0.0163615,-999,0,-999,24.2775
448,3,3,445.6,0,6.93309e-310,4,5000,61.3643,91.0362,49.7856,0.0160264,-999,0,-999,23.4105
449,3,3,455.5,0,6.93309e-310,4,5000,62.2516,92.4461,50.8042,0.0157051,-999,0,-999,22.5913
450,3,3,465.4,0,6.93309e-310,4,5000,63.138,93.8502,51.8219,0.0153967,-999,0,-999,21.8162
451,3,3,475.3,0,6.93309e-310,4,5000,64.0235,95.2486,52.8388,0.0151003,-999,0,-999,21.0823
452,3,3,485.2,0,6.93309e-310,4,5000,64.908,96.6413,53.8549,0.0148154,-999,0,-999,20.3864
453,3,3,495.1,0,6.93309e-310,4,5000,65.7916,98.0286,54.8702,0.0145413,-999,0,-999,19.726
454,3,3,505,0,6.93309e-310,4,5000,66.6743,99.4105,55.8847,0.0142773,-999,0,-999,19.0987
455,3,3,514.9,0,6.93309e-310,4,5000,67.5561,100.787,56.8983,0.014023,-999,0,-999,18.5022
456,3,3,524.8,0,6.93309e-310,4,5000,68.437,102.159,57.9113,0.0137777,-999,0,-999,17.9345
457,3,3,534.7,0,6.93309e-310,4,5000,69.3171,103.525,58.9234,0.013541,-999,0,-999,17.3938
458,3,3,544.6,0,6.93309e-310,4,5000,70.1963,104.887,59.9349,0.0133125,-999,0,-999,16.8783
459,3,3,554.5,0,6.93309e-310,4,5000,71.0747,106.244,60.9456,0.0130917,-999,0,-999,16.3864
460,3,3,564.4,0,6.93309e-310,4,5000,71.9523,107.596,61.9556,0.0128783,-999,0,-999,15.9167
461,3,3,574.3,0,6.93309e-310,4,5000,72.829,108.943,62.9649,0.0126719,-999,0,-999,15.4678
462,3,3,584.2,0,6.93309e-310,4,5000,73.705,110.286,63.9736,0.0124721,-999,0,-999,15.0386
463,3,3,594.1,0,6.93309e-310,4,5000,74.5802,111.625,64.9815,0.0122786,-999,0,-999,14.6278
464,3,3,604,0,6.93309e-310,4,5000,75.4546,112.959,65.9888,0.0120912,-999,0,-999,14.2344
465,3,3,613.9,0,6.93309e-310,4,5000,76.3282,114.288,66.9955,0.0119095,-999,0,-999,13.8574
466,3,3,623.8,0,6.93309e-310,4,5000,77.201,115.614,68.0015,0.0117333,-999,0,-999,13.4958
467,3,3,633.7,0,6.93309e-310,4,5000,78.0731,116.935,69.0069,0.0115624,-999,0,-999,13.1489
468,3,3,643.6,0,6.93309e-310,4,5000,78.9445,118.253,70.0116,0.0113965,-999,0,-999,12.8159
469,3,3,653.5,0,6.93309e-310,4,5000,79.8151,119.566,71.0158,0.0112353,-999,0,-999,12.4959
470,3,3,663.4,0,6.93309e-310,4,5000,80.6851,120.875,72.0193,0.0110788,-999,0,-999,12.1883
471,3,3,673.3,0,6.93309e-310,4,5000,81.5543,122.181,73.0223,0.0109266,-999,0,-999,11.8924
472,3,3,683.2,0,6.93309e-310,4,5000,82.4228,123.483,74.0247,0.0107786,-999,0,-999,11.6077
473,3,3,693.1,0,6.93309e-310,4,5000,83.2906,124.781,75.0265,0.0106347,-999,0,-999,11.3336
474,3,3,703,0,6.93309e-310,4,5000,84.1577,126.075,76.0277,0.0104947,-999,0,-999,11.0695
475,3,3,712.9,0,6.93309e-310,4,5000,85.0242,127.366,77.0284,0.0103583,-999,0,-999,10.815
476,3,3,722.8,0,6.93309e-310,4,5000,85.8899,128.653,78.0285,0.0102256,-999,0,-999,10.5696
477,3,3,732.7,0,6.93309e-310,4,5000,86.755,129.936,79.0281,0.0100962,-999,0,-999,10.3328
478,3,3,742.6,0,6.93309e-310,4,5000,87.6195,131.216,80.0271,0.00997018,-999,0,-999,10.1042
479,3,3,752.5,0,6.93309e-310,4,5000,88.4833,132.493,81.0257,0.00984731,-999,0,-999,9.88356
480,3,3,762.4,0,6.93309e-310,4,5000,89.3465,133.766,82.0237,0.00972749,-999,0,-999,9.67036
481,3,3,772.3,0,6.93309e-310,4,5000,90.209,135.036,83.0211,0.00961062,-999,0,-999,9.46432
482,3,3,782.2,0,6.93309e-310,4,5000,91.0709,136.303,84.0181,0.00949658,-999,0,-999,9.26509
483,3,3,792.1,0,6.93309e-310,4,5000,91.9322,137.567,85.0146,0.00938526,-999,0,-999,9.07239
484,3,3,802,0,6.93309e-310,4,5000,92.7929,138.827,86.0106,0.00927658,-999,0,-999,8.88592
485,3,3,811.9,0,6.93309e-310,4,5000,93.653,140.084,87.0061,0.00917044,-999,0,-999,8.70541
486,3,3,821.8,0,6.93309e-310,4,5000,94.5125,141.339,88.0011,0.00906675,-999,0,-999,8.53061
487,3,3,831.7,0,6.93309e-310,4,5000,95.3713,142.59,88.9957,0.00896543,-999,0,-999,8.36126
488,3,3,841.6,0,6.93309e-310,4,5000,96.2296,143.838,89.9897,0.00886639,-999,0,-999,8.19714
489,3,3,851.5,0,6.93309e-310,4,5000,97.0873,145.083,90.9834,0.00876957,-999,0,-999,8.03804
490,3,3,861.4,0,6.93309e-310,4,5000,97.9445,146.325,91.9765,0.00867487,-999,0,-999,7.88374
491,3,3,871.3,0,6.93309e-310,4,5000,98.801,147.565,92.9692,0.00858225,-999,0,-999,7.73405
492,3,3,881.2,0,6.93309e-310,4,5000,99.657,148.801,93.9614,0.00849162,-999,0,-999,7.58879
493,3,3,891.1,0,6.93309e-310,4,5000,100.512,150.035,94.9533,0.00840292,-999,0,-999,7.44777
494,3,3,901,0,6.93309e-310,4,5000,101.367,151.266,95.9446,0.00831609,-999,0,-999,7.31083
495,3,3,910.9,0,6.93309e-310,4,5000,102.222,152.494,96.9356,0.00823108,-999,0,-999,7.17781
496,3,3,920.8,0,6.93309e-310,4,5000,103.076,153.72,97.9261,0.00814783,-999,0,-999,7.04857
497,3,3,930.7,0,6.93309e-310,4,5000,103.929,154.943,98.9161,0.00806627,-999,0,-999,6.92294
498,3,3,940.6,0,6.93309e-310,4,5000,104.782,156.163,99.9058,0.00798637,-999,0,-999,6.8008
499,3,3,950.5,0,6.93309e-310,4,5000,105.634,157.495,100.895,0.00790806,-999,0,-999,6.67717
500,3,3,960.4,0,6.93309e-310,4,5000,106.485,158.909,101.884,0.00783131,-999,0,-999,6.55351
501,3,3,970.3,0,6.93309e-310,4,5000,107.337,160.322,102.872,0.00775607,-999,0,-999,6.43334
502,3,3,980.2,0,6.93309e-310,4,5000,108.187,161.734,103.86,0.00768228,-999,0,-999,6.31651
503,3,3,990.1,0,6.93309e-310,4,5000,109.037,163.145,104.936,0.00760352,-999,0,-999,6.1977
504,3,3,1000,0,6.93309e-310,4,5000,109.887,164.554,106.027,0.00752532,-999,0,-999,6.08141
